,음식,구간,label
0,"('기장밥', '사과', '과일샐러드')",5,168
1,"('기장밥', '사과', '마늘쫑무침')",1,172
2,"('기장밥', '사과', '두부조림')",3,171
3,"('기장밥', '사과', '건취나물무침')",2,165
4,"('기장밥', '사과', '고구마줄기나물무침')",2,167
5,"('기장밥', '사과', '시금치나물무침')",1,174
6,"('기장밥', '사과', '달걀프라이')",5,169
7,"('기장밥', '사과', '닭가슴살샐러드')",7,170
8,"('기장밥', '사과', '고구마맛탕')",11,166
9,"('기장밥', '사과', '채소샐러드')",8,175
10,"('기장밥', '사과', '쇠고기수육')",11,173
11,"('기장밥', '포도', '과일샐러드')",6,223
12,"('기장밥', '포도', '마늘쫑무침')",2,227
13,"('기장밥', '포도', '두부조림')",3,226
14,"('기장밥', '포도', '건취나물무침')",2,220
15,"('기장밥', '포도', '고구마줄기나물무침')",2,222
16,"('기장밥', '포도', '시금치나물무침')",2,229
17,"('기장밥', '포도', '달걀프라이')",5,224
18,"('기장밥', '포도', '닭가슴살샐러드')",8,225
19,"('기장밥', '포도', '고구마맛탕')",11,221
20,"('기장밥', '포도', '채소샐러드')",8,230
21,"('기장밥', '포도', '쇠고기수육')",11,228
22,"('기장밥', '오렌지', '과일샐러드')",6,201
23,"('기장밥', '오렌지', '마늘쫑무침')",2,205
24,"('기장밥', '오렌지', '두부조림')",3,204
25,"('기장밥', '오렌지', '건취나물무침')",2,198
26,"('기장밥', '오렌지', '고구마줄기나물무침')",2,200
27,"('기장밥', '오렌지', '시금치나물무침')",2,207
28,"('기장밥', '오렌지', '달걀프라이')",5,202
29,"('기장밥', '오렌지', '닭가슴살샐러드')",7,203
30,"('기장밥', '오렌지', '고구마맛탕')",11,199
31,"('기장밥', '오렌지', '채소샐러드')",8,208
32,"('기장밥', '오렌지', '쇠고기수육')",11,206
33,"('기장밥', '딸기', '과일샐러드')",4,157
34,"('기장밥', '딸기', '마늘쫑무침')",1,161
35,"('기장밥', '딸기', '두부조림')",2,160
36,"('기장밥', '딸기', '건취나물무침')",1,154
37,"('기장밥', '딸기', '고구마줄기나물무침')",1,156
38,"('기장밥', '딸기', '시금치나물무침')",1,163
39,"('기장밥', '딸기', '달걀프라이')",3,158
40,"('기장밥', '딸기', '닭가슴살샐러드')",6,159
41,"('기장밥', '딸기', '고구마맛탕')",10,155
42,"('기장밥', '딸기', '채소샐러드')",7,164
43,"('기장밥', '딸기', '쇠고기수육')",11,162
44,"('기장밥', '수정과', '과일샐러드')",8,179
45,"('기장밥', '수정과', '마늘쫑무침')",4,183
46,"('기장밥', '수정과', '두부조림')",6,182
47,"('기장밥', '수정과', '건취나물무침')",5,176
48,"('기장밥', '수정과', '고구마줄기나물무침')",5,178
49,"('기장밥', '수정과', '시금치나물무침')",4,185
50,"('기장밥', '수정과', '달걀프라이')",7,180
51,"('기장밥', '수정과', '닭가슴살샐러드')",9,181
52,"('기장밥', '수정과', '고구마맛탕')",12,177
53,"('기장밥', '수정과', '채소샐러드')",9,186
54,"('기장밥', '수정과', '쇠고기수육')",12,184
55,"('기장밥', '식혜', '과일샐러드')",7,190
56,"('기장밥', '식혜', '마늘쫑무침')",4,194
57,"('기장밥', '식혜', '두부조림')",6,193
58,"('기장밥', '식혜', '건취나물무침')",5,187
59,"('기장밥', '식혜', '고구마줄기나물무침')",4,189
60,"('기장밥', '식혜', '시금치나물무침')",4,196
61,"('기장밥', '식혜', '달걀프라이')",7,191
62,"('기장밥', '식혜', '닭가슴살샐러드')",9,192
63,"('기장밥', '식혜', '고구마맛탕')",12,188
64,"('기장밥', '식혜', '채소샐러드')",9,197
65,"('기장밥', '식혜', '쇠고기수육')",12,195
66,"('기장밥', '찐감자', '과일샐러드')",8,212
67,"('기장밥', '찐감자', '마늘쫑무침')",4,216
68,"('기장밥', '찐감자', '두부조림')",6,215
69,"('기장밥', '찐감자', '건취나물무침')",5,209
70,"('기장밥', '찐감자', '고구마줄기나물무침')",5,211
71,"('기장밥', '찐감자', '시금치나물무침')",5,218
72,"('기장밥', '찐감자', '달걀프라이')",7,213
73,"('기장밥', '찐감자', '닭가슴살샐러드')",9,214
74,"('기장밥', '찐감자', '고구마맛탕')",12,210
75,"('기장밥', '찐감자', '채소샐러드')",10,219
76,"('기장밥', '찐감자', '쇠고기수육')",12,217
77,"('검정콩밥', '사과', '과일샐러드')",5,14
78,"('검정콩밥', '사과', '마늘쫑무침')",1,18
79,"('검정콩밥', '사과', '두부조림')",3,17
80,"('검정콩밥', '사과', '건취나물무침')",2,11
81,"('검정콩밥', '사과', '고구마줄기나물무침')",2,13
82,"('검정콩밥', '사과', '시금치나물무침')",1,20
83,"('검정콩밥', '사과', '달걀프라이')",5,15
84,"('검정콩밥', '사과', '닭가슴살샐러드')",7,16
85,"('검정콩밥', '사과', '고구마맛탕')",11,12
86,"('검정콩밥', '사과', '채소샐러드')",8,21
87,"('검정콩밥', '사과', '쇠고기수육')",11,19
88,"('검정콩밥', '포도', '과일샐러드')",6,69
89,"('검정콩밥', '포도', '마늘쫑무침')",2,73
90,"('검정콩밥', '포도', '두부조림')",3,72
91,"('검정콩밥', '포도', '건취나물무침')",2,66
92,"('검정콩밥', '포도', '고구마줄기나물무침')",2,68
93,"('검정콩밥', '포도', '시금치나물무침')",2,75
94,"('검정콩밥', '포도', '달걀프라이')",5,70
95,"('검정콩밥', '포도', '닭가슴살샐러드')",8,71
96,"('검정콩밥', '포도', '고구마맛탕')",11,67
97,"('검정콩밥', '포도', '채소샐러드')",8,76
98,"('검정콩밥', '포도', '쇠고기수육')",11,74
99,"('검정콩밥', '오렌지', '과일샐러드')",6,47
100,"('검정콩밥', '오렌지', '마늘쫑무침')",2,51
101,"('검정콩밥', '오렌지', '두부조림')",3,50
102,"('검정콩밥', '오렌지', '건취나물무침')",2,44
103,"('검정콩밥', '오렌지', '고구마줄기나물무침')",2,46
104,"('검정콩밥', '오렌지', '시금치나물무침')",2,53
105,"('검정콩밥', '오렌지', '달걀프라이')",5,48
106,"('검정콩밥', '오렌지', '닭가슴살샐러드')",7,49
107,"('검정콩밥', '오렌지', '고구마맛탕')",11,45
108,"('검정콩밥', '오렌지', '채소샐러드')",8,54
109,"('검정콩밥', '오렌지', '쇠고기수육')",11,52
110,"('검정콩밥', '딸기', '과일샐러드')",4,3
111,"('검정콩밥', '딸기', '마늘쫑무침')",1,7
112,"('검정콩밥', '딸기', '두부조림')",2,6
113,"('검정콩밥', '딸기', '건취나물무침')",1,0
114,"('검정콩밥', '딸기', '고구마줄기나물무침')",1,2
115,"('검정콩밥', '딸기', '시금치나물무침')",1,9
116,"('검정콩밥', '딸기', '달걀프라이')",3,4
117,"('검정콩밥', '딸기', '닭가슴살샐러드')",6,5
118,"('검정콩밥', '딸기', '고구마맛탕')",10,1
119,"('검정콩밥', '딸기', '채소샐러드')",7,10
120,"('검정콩밥', '딸기', '쇠고기수육')",11,8
121,"('검정콩밥', '수정과', '과일샐러드')",8,25
122,"('검정콩밥', '수정과', '마늘쫑무침')",4,29
123,"('검정콩밥', '수정과', '두부조림')",6,28
124,"('검정콩밥', '수정과', '건취나물무침')",5,22
125,"('검정콩밥', '수정과', '고구마줄기나물무침')",4,24
126,"('검정콩밥', '수정과', '시금치나물무침')",4,31
127,"('검정콩밥', '수정과', '달걀프라이')",7,26
128,"('검정콩밥', '수정과', '닭가슴살샐러드')",9,27
129,"('검정콩밥', '수정과', '고구마맛탕')",12,23
130,"('검정콩밥', '수정과', '채소샐러드')",9,32
131,"('검정콩밥', '수정과', '쇠고기수육')",12,30
132,"('검정콩밥', '식혜', '과일샐러드')",7,36
133,"('검정콩밥', '식혜', '마늘쫑무침')",4,40
134,"('검정콩밥', '식혜', '두부조림')",6,39
135,"('검정콩밥', '식혜', '건취나물무침')",4,33
136,"('검정콩밥', '식혜', '고구마줄기나물무침')",4,35
137,"('검정콩밥', '식혜', '시금치나물무침')",4,42
138,"('검정콩밥', '식혜', '달걀프라이')",7,37
139,"('검정콩밥', '식혜', '닭가슴살샐러드')",9,38
140,"('검정콩밥', '식혜', '고구마맛탕')",12,34
141,"('검정콩밥', '식혜', '채소샐러드')",9,43
142,"('검정콩밥', '식혜', '쇠고기수육')",12,41
143,"('검정콩밥', '찐감자', '과일샐러드')",8,58
144,"('검정콩밥', '찐감자', '마늘쫑무침')",4,62
145,"('검정콩밥', '찐감자', '두부조림')",6,61
146,"('검정콩밥', '찐감자', '건취나물무침')",5,55
147,"('검정콩밥', '찐감자', '고구마줄기나물무침')",5,57
148,"('검정콩밥', '찐감자', '시금치나물무침')",4,64
149,"('검정콩밥', '찐감자', '달걀프라이')",7,59
150,"('검정콩밥', '찐감자', '닭가슴살샐러드')",9,60
151,"('검정콩밥', '찐감자', '고구마맛탕')",12,56
152,"('검정콩밥', '찐감자', '채소샐러드')",10,65
153,"('검정콩밥', '찐감자', '쇠고기수육')",12,63
154,"('보리밥', '사과', '과일샐러드')",5,245
155,"('보리밥', '사과', '마늘쫑무침')",1,249
156,"('보리밥', '사과', '두부조림')",2,248
157,"('보리밥', '사과', '건취나물무침')",1,242
158,"('보리밥', '사과', '고구마줄기나물무침')",1,244
159,"('보리밥', '사과', '시금치나물무침')",1,251
160,"('보리밥', '사과', '달걀프라이')",4,246
161,"('보리밥', '사과', '닭가슴살샐러드')",7,247
162,"('보리밥', '사과', '고구마맛탕')",11,243
163,"('보리밥', '사과', '채소샐러드')",8,252
164,"('보리밥', '사과', '쇠고기수육')",11,250
165,"('보리밥', '포도', '과일샐러드')",5,300
166,"('보리밥', '포도', '마늘쫑무침')",2,304
167,"('보리밥', '포도', '두부조림')",3,303
168,"('보리밥', '포도', '건취나물무침')",2,297
169,"('보리밥', '포도', '고구마줄기나물무침')",2,299
170,"('보리밥', '포도', '시금치나물무침')",2,306
171,"('보리밥', '포도', '달걀프라이')",5,301
172,"('보리밥', '포도', '닭가슴살샐러드')",7,302
173,"('보리밥', '포도', '고구마맛탕')",11,298
174,"('보리밥', '포도', '채소샐러드')",8,307
175,"('보리밥', '포도', '쇠고기수육')",11,305
176,"('보리밥', '오렌지', '과일샐러드')",5,278
177,"('보리밥', '오렌지', '마늘쫑무침')",1,282
178,"('보리밥', '오렌지', '두부조림')",3,281
179,"('보리밥', '오렌지', '건취나물무침')",2,275
180,"('보리밥', '오렌지', '고구마줄기나물무침')",2,277
181,"('보리밥', '오렌지', '시금치나물무침')",1,284
182,"('보리밥', '오렌지', '달걀프라이')",5,279
183,"('보리밥', '오렌지', '닭가슴살샐러드')",7,280
184,"('보리밥', '오렌지', '고구마맛탕')",11,276
185,"('보리밥', '오렌지', '채소샐러드')",8,285
186,"('보리밥', '오렌지', '쇠고기수육')",11,283
187,"('보리밥', '딸기', '과일샐러드')",3,234
188,"('보리밥', '딸기', '마늘쫑무침')",1,238
189,"('보리밥', '딸기', '두부조림')",1,237
190,"('보리밥', '딸기', '건취나물무침')",1,231
191,"('보리밥', '딸기', '고구마줄기나물무침')",1,233
192,"('보리밥', '딸기', '시금치나물무침')",1,240
193,"('보리밥', '딸기', '달걀프라이')",3,235
194,"('보리밥', '딸기', '닭가슴살샐러드')",6,236
195,"('보리밥', '딸기', '고구마맛탕')",10,232
196,"('보리밥', '딸기', '채소샐러드')",7,241
197,"('보리밥', '딸기', '쇠고기수육')",10,239
198,"('보리밥', '수정과', '과일샐러드')",7,256
199,"('보리밥', '수정과', '마늘쫑무침')",3,260
200,"('보리밥', '수정과', '두부조림')",5,259
201,"('보리밥', '수정과', '건취나물무침')",4,253
202,"('보리밥', '수정과', '고구마줄기나물무침')",4,255
203,"('보리밥', '수정과', '시금치나물무침')",3,262
204,"('보리밥', '수정과', '달걀프라이')",7,257
205,"('보리밥', '수정과', '닭가슴살샐러드')",9,258
206,"('보리밥', '수정과', '고구마맛탕')",12,254
207,"('보리밥', '수정과', '채소샐러드')",9,263
208,"('보리밥', '수정과', '쇠고기수육')",12,261
209,"('보리밥', '식혜', '과일샐러드')",7,267
210,"('보리밥', '식혜', '마늘쫑무침')",3,271
211,"('보리밥', '식혜', '두부조림')",5,270
212,"('보리밥', '식혜', '건취나물무침')",4,264
213,"('보리밥', '식혜', '고구마줄기나물무침')",4,266
214,"('보리밥', '식혜', '시금치나물무침')",3,273
215,"('보리밥', '식혜', '달걀프라이')",7,268
216,"('보리밥', '식혜', '닭가슴살샐러드')",9,269
217,"('보리밥', '식혜', '고구마맛탕')",12,265
218,"('보리밥', '식혜', '채소샐러드')",9,274
219,"('보리밥', '식혜', '쇠고기수육')",12,272
220,"('보리밥', '찐감자', '과일샐러드')",7,289
221,"('보리밥', '찐감자', '마늘쫑무침')",4,293
222,"('보리밥', '찐감자', '두부조림')",6,292
223,"('보리밥', '찐감자', '건취나물무침')",5,286
224,"('보리밥', '찐감자', '고구마줄기나물무침')",4,288
225,"('보리밥', '찐감자', '시금치나물무침')",4,295
226,"('보리밥', '찐감자', '달걀프라이')",7,290
227,"('보리밥', '찐감자', '닭가슴살샐러드')",9,291
228,"('보리밥', '찐감자', '고구마맛탕')",12,287
229,"('보리밥', '찐감자', '채소샐러드')",9,296
230,"('보리밥', '찐감자', '쇠고기수육')",12,294
231,"('수수밥', '사과', '과일샐러드')",5,322
232,"('수수밥', '사과', '마늘쫑무침')",1,326
233,"('수수밥', '사과', '두부조림')",2,325
234,"('수수밥', '사과', '건취나물무침')",1,319
235,"('수수밥', '사과', '고구마줄기나물무침')",1,321
236,"('수수밥', '사과', '시금치나물무침')",1,328
237,"('수수밥', '사과', '달걀프라이')",4,323
238,"('수수밥', '사과', '닭가슴살샐러드')",7,324
239,"('수수밥', '사과', '고구마맛탕')",11,320
240,"('수수밥', '사과', '채소샐러드')",8,329
241,"('수수밥', '사과', '쇠고기수육')",11,327
242,"('수수밥', '포도', '과일샐러드')",5,377
243,"('수수밥', '포도', '마늘쫑무침')",2,381
244,"('수수밥', '포도', '두부조림')",3,380
245,"('수수밥', '포도', '건취나물무침')",2,374
246,"('수수밥', '포도', '고구마줄기나물무침')",2,376
247,"('수수밥', '포도', '시금치나물무침')",2,383
248,"('수수밥', '포도', '달걀프라이')",5,378
249,"('수수밥', '포도', '닭가슴살샐러드')",7,379
250,"('수수밥', '포도', '고구마맛탕')",11,375
251,"('수수밥', '포도', '채소샐러드')",8,384
252,"('수수밥', '포도', '쇠고기수육')",11,382
253,"('수수밥', '오렌지', '과일샐러드')",5,355
254,"('수수밥', '오렌지', '마늘쫑무침')",1,359
255,"('수수밥', '오렌지', '두부조림')",3,358
256,"('수수밥', '오렌지', '건취나물무침')",2,352
257,"('수수밥', '오렌지', '고구마줄기나물무침')",2,354
258,"('수수밥', '오렌지', '시금치나물무침')",1,361
259,"('수수밥', '오렌지', '달걀프라이')",5,356
260,"('수수밥', '오렌지', '닭가슴살샐러드')",7,357
261,"('수수밥', '오렌지', '고구마맛탕')",11,353
262,"('수수밥', '오렌지', '채소샐러드')",8,362
263,"('수수밥', '오렌지', '쇠고기수육')",11,360
264,"('수수밥', '딸기', '과일샐러드')",3,311
265,"('수수밥', '딸기', '마늘쫑무침')",1,315
266,"('수수밥', '딸기', '두부조림')",1,314
267,"('수수밥', '딸기', '건취나물무침')",1,308
268,"('수수밥', '딸기', '고구마줄기나물무침')",1,310
269,"('수수밥', '딸기', '시금치나물무침')",1,317
270,"('수수밥', '딸기', '달걀프라이')",3,312
271,"('수수밥', '딸기', '닭가슴살샐러드')",6,313
272,"('수수밥', '딸기', '고구마맛탕')",10,309
273,"('수수밥', '딸기', '채소샐러드')",7,318
274,"('수수밥', '딸기', '쇠고기수육')",10,316
275,"('수수밥', '수정과', '과일샐러드')",7,333
276,"('수수밥', '수정과', '마늘쫑무침')",3,337
277,"('수수밥', '수정과', '두부조림')",5,336
278,"('수수밥', '수정과', '건취나물무침')",4,330
279,"('수수밥', '수정과', '고구마줄기나물무침')",4,332
280,"('수수밥', '수정과', '시금치나물무침')",3,339
281,"('수수밥', '수정과', '달걀프라이')",7,334
282,"('수수밥', '수정과', '닭가슴살샐러드')",9,335
283,"('수수밥', '수정과', '고구마맛탕')",12,331
284,"('수수밥', '수정과', '채소샐러드')",9,340
285,"('수수밥', '수정과', '쇠고기수육')",12,338
286,"('수수밥', '식혜', '과일샐러드')",7,344
287,"('수수밥', '식혜', '마늘쫑무침')",3,348
288,"('수수밥', '식혜', '두부조림')",5,347
289,"('수수밥', '식혜', '건취나물무침')",4,341
290,"('수수밥', '식혜', '고구마줄기나물무침')",4,343
291,"('수수밥', '식혜', '시금치나물무침')",3,350
292,"('수수밥', '식혜', '달걀프라이')",7,345
293,"('수수밥', '식혜', '닭가슴살샐러드')",9,346
294,"('수수밥', '식혜', '고구마맛탕')",12,342
295,"('수수밥', '식혜', '채소샐러드')",9,351
296,"('수수밥', '식혜', '쇠고기수육')",12,349
297,"('수수밥', '찐감자', '과일샐러드')",7,366
298,"('수수밥', '찐감자', '마늘쫑무침')",4,370
299,"('수수밥', '찐감자', '두부조림')",6,369
300,"('수수밥', '찐감자', '건취나물무침')",5,363
301,"('수수밥', '찐감자', '고구마줄기나물무침')",4,365
302,"('수수밥', '찐감자', '시금치나물무침')",4,372
303,"('수수밥', '찐감자', '달걀프라이')",7,367
304,"('수수밥', '찐감자', '닭가슴살샐러드')",9,368
305,"('수수밥', '찐감자', '고구마맛탕')",12,364
306,"('수수밥', '찐감자', '채소샐러드')",9,373
307,"('수수밥', '찐감자', '쇠고기수육')",12,371
308,"('곤드레나물밥', '사과', '과일샐러드')",10,91
309,"('곤드레나물밥', '사과', '마늘쫑무침')",8,95
310,"('곤드레나물밥', '사과', '두부조림')",8,94
311,"('곤드레나물밥', '사과', '건취나물무침')",8,88
312,"('곤드레나물밥', '사과', '고구마줄기나물무침')",8,90
313,"('곤드레나물밥', '사과', '시금치나물무침')",8,97
314,"('곤드레나물밥', '사과', '달걀프라이')",9,92
315,"('곤드레나물밥', '사과', '닭가슴살샐러드')",10,93
316,"('곤드레나물밥', '사과', '고구마맛탕')",13,89
317,"('곤드레나물밥', '사과', '채소샐러드')",10,98
318,"('곤드레나물밥', '사과', '쇠고기수육')",13,96
319,"('곤드레나물밥', '포도', '과일샐러드')",10,146
320,"('곤드레나물밥', '포도', '마늘쫑무침')",8,150
321,"('곤드레나물밥', '포도', '두부조림')",9,149
322,"('곤드레나물밥', '포도', '건취나물무침')",8,143
323,"('곤드레나물밥', '포도', '고구마줄기나물무침')",8,145
324,"('곤드레나물밥', '포도', '시금치나물무침')",8,152
325,"('곤드레나물밥', '포도', '달걀프라이')",10,147
326,"('곤드레나물밥', '포도', '닭가슴살샐러드')",10,148
327,"('곤드레나물밥', '포도', '고구마맛탕')",13,144
328,"('곤드레나물밥', '포도', '채소샐러드')",10,153
329,"('곤드레나물밥', '포도', '쇠고기수육')",13,151
330,"('곤드레나물밥', '오렌지', '과일샐러드')",10,124
331,"('곤드레나물밥', '오렌지', '마늘쫑무침')",8,128
332,"('곤드레나물밥', '오렌지', '두부조림')",9,127
333,"('곤드레나물밥', '오렌지', '건취나물무침')",8,121
334,"('곤드레나물밥', '오렌지', '고구마줄기나물무침')",8,123
335,"('곤드레나물밥', '오렌지', '시금치나물무침')",8,130
336,"('곤드레나물밥', '오렌지', '달걀프라이')",10,125
337,"('곤드레나물밥', '오렌지', '닭가슴살샐러드')",10,126
338,"('곤드레나물밥', '오렌지', '고구마맛탕')",13,122
339,"('곤드레나물밥', '오렌지', '채소샐러드')",10,131
340,"('곤드레나물밥', '오렌지', '쇠고기수육')",13,129
341,"('곤드레나물밥', '딸기', '과일샐러드')",9,80
342,"('곤드레나물밥', '딸기', '마늘쫑무침')",7,84
343,"('곤드레나물밥', '딸기', '두부조림')",8,83
344,"('곤드레나물밥', '딸기', '건취나물무침')",7,77
345,"('곤드레나물밥', '딸기', '고구마줄기나물무침')",7,79
346,"('곤드레나물밥', '딸기', '시금치나물무침')",7,86
347,"('곤드레나물밥', '딸기', '달걀프라이')",9,81
348,"('곤드레나물밥', '딸기', '닭가슴살샐러드')",10,82
349,"('곤드레나물밥', '딸기', '고구마맛탕')",13,78
350,"('곤드레나물밥', '딸기', '채소샐러드')",10,87
351,"('곤드레나물밥', '딸기', '쇠고기수육')",13,85
352,"('곤드레나물밥', '수정과', '과일샐러드')",10,102
353,"('곤드레나물밥', '수정과', '마늘쫑무침')",9,106
354,"('곤드레나물밥', '수정과', '두부조림')",10,105
355,"('곤드레나물밥', '수정과', '건취나물무침')",9,99
356,"('곤드레나물밥', '수정과', '고구마줄기나물무침')",9,101
357,"('곤드레나물밥', '수정과', '시금치나물무침')",9,108
358,"('곤드레나물밥', '수정과', '달걀프라이')",10,103
359,"('곤드레나물밥', '수정과', '닭가슴살샐러드')",11,104
360,"('곤드레나물밥', '수정과', '고구마맛탕')",13,100
361,"('곤드레나물밥', '수정과', '채소샐러드')",11,109
362,"('곤드레나물밥', '수정과', '쇠고기수육')",13,107
363,"('곤드레나물밥', '식혜', '과일샐러드')",10,113
364,"('곤드레나물밥', '식혜', '마늘쫑무침')",9,117
365,"('곤드레나물밥', '식혜', '두부조림')",10,116
366,"('곤드레나물밥', '식혜', '건취나물무침')",9,110
367,"('곤드레나물밥', '식혜', '고구마줄기나물무침')",9,112
368,"('곤드레나물밥', '식혜', '시금치나물무침')",9,119
369,"('곤드레나물밥', '식혜', '달걀프라이')",10,114
370,"('곤드레나물밥', '식혜', '닭가슴살샐러드')",11,115
371,"('곤드레나물밥', '식혜', '고구마맛탕')",13,111
372,"('곤드레나물밥', '식혜', '채소샐러드')",11,120
373,"('곤드레나물밥', '식혜', '쇠고기수육')",13,118
374,"('곤드레나물밥', '찐감자', '과일샐러드')",10,135
375,"('곤드레나물밥', '찐감자', '마늘쫑무침')",9,139
376,"('곤드레나물밥', '찐감자', '두부조림')",10,138
377,"('곤드레나물밥', '찐감자', '건취나물무침')",10,132
378,"('곤드레나물밥', '찐감자', '고구마줄기나물무침')",10,134
379,"('곤드레나물밥', '찐감자', '시금치나물무침')",9,141
380,"('곤드레나물밥', '찐감자', '달걀프라이')",10,136
381,"('곤드레나물밥', '찐감자', '닭가슴살샐러드')",11,137
382,"('곤드레나물밥', '찐감자', '고구마맛탕')",13,133
383,"('곤드레나물밥', '찐감자', '채소샐러드')",11,142
384,"('곤드레나물밥', '찐감자', '쇠고기수육')",13,140
385,"('흑미밥', '사과', '과일샐러드')",6,476
386,"('흑미밥', '사과', '마늘쫑무침')",2,480
387,"('흑미밥', '사과', '두부조림')",3,479
388,"('흑미밥', '사과', '건취나물무침')",2,473
389,"('흑미밥', '사과', '고구마줄기나물무침')",2,475
390,"('흑미밥', '사과', '시금치나물무침')",2,482
391,"('흑미밥', '사과', '달걀프라이')",5,477
392,"('흑미밥', '사과', '닭가슴살샐러드')",8,478
393,"('흑미밥', '사과', '고구마맛탕')",11,474
394,"('흑미밥', '사과', '채소샐러드')",8,483
395,"('흑미밥', '사과', '쇠고기수육')",11,481
396,"('흑미밥', '포도', '과일샐러드')",6,531
397,"('흑미밥', '포도', '마늘쫑무침')",2,535
398,"('흑미밥', '포도', '두부조림')",3,534
399,"('흑미밥', '포도', '건취나물무침')",3,528
400,"('흑미밥', '포도', '고구마줄기나물무침')",3,530
401,"('흑미밥', '포도', '시금치나물무침')",3,537
402,"('흑미밥', '포도', '달걀프라이')",6,532
403,"('흑미밥', '포도', '닭가슴살샐러드')",8,533
404,"('흑미밥', '포도', '고구마맛탕')",12,529
405,"('흑미밥', '포도', '채소샐러드')",8,538
406,"('흑미밥', '포도', '쇠고기수육')",12,536
407,"('흑미밥', '오렌지', '과일샐러드')",6,509
408,"('흑미밥', '오렌지', '마늘쫑무침')",2,513
409,"('흑미밥', '오렌지', '두부조림')",3,512
410,"('흑미밥', '오렌지', '건취나물무침')",3,506
411,"('흑미밥', '오렌지', '고구마줄기나물무침')",3,508
412,"('흑미밥', '오렌지', '시금치나물무침')",2,515
413,"('흑미밥', '오렌지', '달걀프라이')",6,510
414,"('흑미밥', '오렌지', '닭가슴살샐러드')",8,511
415,"('흑미밥', '오렌지', '고구마맛탕')",12,507
416,"('흑미밥', '오렌지', '채소샐러드')",8,516
417,"('흑미밥', '오렌지', '쇠고기수육')",12,514
418,"('흑미밥', '딸기', '과일샐러드')",5,465
419,"('흑미밥', '딸기', '마늘쫑무침')",1,469
420,"('흑미밥', '딸기', '두부조림')",2,468
421,"('흑미밥', '딸기', '건취나물무침')",1,462
422,"('흑미밥', '딸기', '고구마줄기나물무침')",1,464
423,"('흑미밥', '딸기', '시금치나물무침')",1,471
424,"('흑미밥', '딸기', '달걀프라이')",4,466
425,"('흑미밥', '딸기', '닭가슴살샐러드')",7,467
426,"('흑미밥', '딸기', '고구마맛탕')",11,463
427,"('흑미밥', '딸기', '채소샐러드')",8,472
428,"('흑미밥', '딸기', '쇠고기수육')",11,470
429,"('흑미밥', '수정과', '과일샐러드')",8,487
430,"('흑미밥', '수정과', '마늘쫑무침')",5,491
431,"('흑미밥', '수정과', '두부조림')",6,490
432,"('흑미밥', '수정과', '건취나물무침')",5,484
433,"('흑미밥', '수정과', '고구마줄기나물무침')",5,486
434,"('흑미밥', '수정과', '시금치나물무침')",5,493
435,"('흑미밥', '수정과', '달걀프라이')",8,488
436,"('흑미밥', '수정과', '닭가슴살샐러드')",9,489
437,"('흑미밥', '수정과', '고구마맛탕')",13,485
438,"('흑미밥', '수정과', '채소샐러드')",10,494
439,"('흑미밥', '수정과', '쇠고기수육')",13,492
440,"('흑미밥', '식혜', '과일샐러드')",8,498
441,"('흑미밥', '식혜', '마늘쫑무침')",5,502
442,"('흑미밥', '식혜', '두부조림')",6,501
443,"('흑미밥', '식혜', '건취나물무침')",5,495
444,"('흑미밥', '식혜', '고구마줄기나물무침')",5,497
445,"('흑미밥', '식혜', '시금치나물무침')",5,504
446,"('흑미밥', '식혜', '달걀프라이')",8,499
447,"('흑미밥', '식혜', '닭가슴살샐러드')",9,500
448,"('흑미밥', '식혜', '고구마맛탕')",12,496
449,"('흑미밥', '식혜', '채소샐러드')",10,505
450,"('흑미밥', '식혜', '쇠고기수육')",13,503
451,"('흑미밥', '찐감자', '과일샐러드')",8,520
452,"('흑미밥', '찐감자', '마늘쫑무침')",5,524
453,"('흑미밥', '찐감자', '두부조림')",6,523
454,"('흑미밥', '찐감자', '건취나물무침')",6,517
455,"('흑미밥', '찐감자', '고구마줄기나물무침')",5,519
456,"('흑미밥', '찐감자', '시금치나물무침')",5,526
457,"('흑미밥', '찐감자', '달걀프라이')",8,521
458,"('흑미밥', '찐감자', '닭가슴살샐러드')",9,522
459,"('흑미밥', '찐감자', '고구마맛탕')",13,518
460,"('흑미밥', '찐감자', '채소샐러드')",10,527
461,"('흑미밥', '찐감자', '쇠고기수육')",13,525
462,"('현미밥', '사과', '과일샐러드')",7,399
463,"('현미밥', '사과', '마늘쫑무침')",3,403
464,"('현미밥', '사과', '두부조림')",5,402
465,"('현미밥', '사과', '건취나물무침')",4,396
466,"('현미밥', '사과', '고구마줄기나물무침')",3,398
467,"('현미밥', '사과', '시금치나물무침')",3,405
468,"('현미밥', '사과', '달걀프라이')",7,400
469,"('현미밥', '사과', '닭가슴살샐러드')",9,401
470,"('현미밥', '사과', '고구마맛탕')",12,397
471,"('현미밥', '사과', '채소샐러드')",9,406
472,"('현미밥', '사과', '쇠고기수육')",12,404
473,"('현미밥', '포도', '과일샐러드')",8,454
474,"('현미밥', '포도', '마늘쫑무침')",4,458
475,"('현미밥', '포도', '두부조림')",6,457
476,"('현미밥', '포도', '건취나물무침')",5,451
477,"('현미밥', '포도', '고구마줄기나물무침')",5,453
478,"('현미밥', '포도', '시금치나물무침')",4,460
479,"('현미밥', '포도', '달걀프라이')",7,455
480,"('현미밥', '포도', '닭가슴살샐러드')",9,456
481,"('현미밥', '포도', '고구마맛탕')",12,452
482,"('현미밥', '포도', '채소샐러드')",9,461
483,"('현미밥', '포도', '쇠고기수육')",12,459
484,"('현미밥', '오렌지', '과일샐러드')",7,432
485,"('현미밥', '오렌지', '마늘쫑무침')",3,436
486,"('현미밥', '오렌지', '두부조림')",5,435
487,"('현미밥', '오렌지', '건취나물무침')",4,429
488,"('현미밥', '오렌지', '고구마줄기나물무침')",4,431
489,"('현미밥', '오렌지', '시금치나물무침')",4,438
490,"('현미밥', '오렌지', '달걀프라이')",7,433
491,"('현미밥', '오렌지', '닭가슴살샐러드')",9,434
492,"('현미밥', '오렌지', '고구마맛탕')",12,430
493,"('현미밥', '오렌지', '채소샐러드')",9,439
494,"('현미밥', '오렌지', '쇠고기수육')",12,437
495,"('현미밥', '딸기', '과일샐러드')",6,388
496,"('현미밥', '딸기', '마늘쫑무침')",3,392
497,"('현미밥', '딸기', '두부조림')",4,391
498,"('현미밥', '딸기', '건취나물무침')",3,385
499,"('현미밥', '딸기', '고구마줄기나물무침')",3,387
500,"('현미밥', '딸기', '시금치나물무침')",3,394
501,"('현미밥', '딸기', '달걀프라이')",6,389
502,"('현미밥', '딸기', '닭가슴살샐러드')",8,390
503,"('현미밥', '딸기', '고구마맛탕')",12,386
504,"('현미밥', '딸기', '채소샐러드')",9,395
505,"('현미밥', '딸기', '쇠고기수육')",12,393
506,"('현미밥', '수정과', '과일샐러드')",9,410
507,"('현미밥', '수정과', '마늘쫑무침')",6,414
508,"('현미밥', '수정과', '두부조림')",8,413
509,"('현미밥', '수정과', '건취나물무침')",7,407
510,"('현미밥', '수정과', '고구마줄기나물무침')",7,409
511,"('현미밥', '수정과', '시금치나물무침')",6,416
512,"('현미밥', '수정과', '달걀프라이')",9,411
513,"('현미밥', '수정과', '닭가슴살샐러드')",10,412
514,"('현미밥', '수정과', '고구마맛탕')",13,408
515,"('현미밥', '수정과', '채소샐러드')",10,417
516,"('현미밥', '수정과', '쇠고기수육')",13,415
517,"('현미밥', '식혜', '과일샐러드')",9,421
518,"('현미밥', '식혜', '마늘쫑무침')",6,425
519,"('현미밥', '식혜', '두부조림')",7,424
520,"('현미밥', '식혜', '건취나물무침')",7,418
521,"('현미밥', '식혜', '고구마줄기나물무침')",6,420
522,"('현미밥', '식혜', '시금치나물무침')",6,427
523,"('현미밥', '식혜', '달걀프라이')",9,422
524,"('현미밥', '식혜', '닭가슴살샐러드')",10,423
525,"('현미밥', '식혜', '고구마맛탕')",13,419
526,"('현미밥', '식혜', '채소샐러드')",10,428
527,"('현미밥', '식혜', '쇠고기수육')",13,426
528,"('현미밥', '찐감자', '과일샐러드')",9,443
529,"('현미밥', '찐감자', '마늘쫑무침')",6,447
530,"('현미밥', '찐감자', '두부조림')",8,446
531,"('현미밥', '찐감자', '건취나물무침')",7,440
532,"('현미밥', '찐감자', '고구마줄기나물무침')",7,442
533,"('현미밥', '찐감자', '시금치나물무침')",7,449
534,"('현미밥', '찐감자', '달걀프라이')",9,444
535,"('현미밥', '찐감자', '닭가슴살샐러드')",10,445
536,"('현미밥', '찐감자', '고구마맛탕')",13,441
537,"('현미밥', '찐감자', '채소샐러드')",10,450
538,"('현미밥', '찐감자', '쇠고기수육')",13,448
