,원 질병이름,사이트 질병 이름,진료과,동의어,정의
0,ACEI(혈압강하제) 복용으로 인한 증상,(ACEI side effect),순환기내과,ACEI 부작용,혈압 강하제 중 ACEI 복용 후 나타나는 부작용을 의미합니다.
1,간염,간염(Hepatitis),소화기내과,"간세포 염증,간염증",간염은 간세포 조직에 염증이 생긴 것을 의미합니다.
2,간질성 폐질환,미만성 간질성 폐질환(Diffuse Interstitial lung disease),호흡기내과,"간질성 폐질환,미만성 침윤성 폐질환,특발성 간질성 폐렴,폐섬유증,폐섬유화증","미만성 간질성 폐질환(DILD)은 폐간질에 침범되는 비종양성, 비감염성 질환을 총칭합니다. 폐간질(interstitium)이란 폐포벽을 이루는 조직을 말합니다. 이것은 폐포상피세포, 내피세포, 기저막, 이를 둘러싸는 결체 조직, 모세혈관, 림프관을 모두 포함합니다. 대부분 간질만이 아니라 그 주위의 조직과 폐포 내에도 병변을 동반합니다."
3,갈비연골염,갈비연골염,흉부외과,늑연골염,갈비연골염은 늑골과 흉골을 연결하는 갈비 연골에 염증이 생긴 것입니다.
4,감염성 관절염,감염성 관절염,류미티스과,관절염,감염성 관절염은 보통 박테리아나 경우에 따라 바이러스 또는 진균으로 인해 관절액과 조직에 발생하는 감염입니다.
5,감염성 기침,상기도 감염(Upper respiratory infections),"호흡기내과, 알레르기내과","common cold, 감기","상기도 감염은 코, 인두, 후두, 기관 등 상기도의 감염성 염증 질환을 의미합니다."
6,감염성 대장염,감염성 대장염,소화기내과,대장염,감염성 대장염은 바이러스나 세균 등에 의하여 대장에 발생하는 감염입니다.
7,갑상샘과다증,갑상선기능항진증,"가정의학과, 내분비내과, 내분비외과","갑상샘 기능 항진증,갑상샘항진증,갑상선 항진증",우리 목 안에는 나비 모양의 갑상선이라는 기관이 있습니다. 갑상선에서는 갑상선호르몬을 배출하여 우리 몸의 여러 기능을 조절합니다. 갑상선기능항진증은 갑상선호르몬이 정상보다 많이 분비되어 몸의 에너지가 빨리 소모되고 많은 기능이 항진되는 질병을 말합니다.
8,갑상선기능저하증,갑상선기능저하증(Hypothyroidism),내분비내과,"갑상샘기능저하,갑상샘저하증,갑상선기능저하,갑상선저하증",갑상선기능저하증은 우리 몸에 필요한 갑상선호르몬이 부족하여 나타나는 질환을 의미합니다.
9,갑상선기능항진증,갑상선기능항진증,"가정의학과, 내분비내과, 내분비외과","갑상샘 기능 항진증,갑상샘항진증,갑상선 항진증",우리 목 안에는 나비 모양의 갑상선이라는 기관이 있습니다. 갑상선에서는 갑상선호르몬을 배출하여 우리 몸의 여러 기능을 조절합니다. 갑상선기능항진증은 갑상선호르몬이 정상보다 많이 분비되어 몸의 에너지가 빨리 소모되고 많은 기능이 항진되는 질병을 말합니다.
10,강직성 척추염,강직성 척추염(Ankylosing spondylitis),"재활의학과, 류마티스내과","경직성 척추염,강직척추염","강직성 척추염은 척추의 주 병변이 특징인 만성 관절염의 일종입니다. 강직성에서 ‘강직’은 ‘뻣뻣해짐’ 또는 ‘굳는 것’을 의미하고, 척추염은 말 그대로 ‘척추에 염증이 생기는 것’을 의미합니다. 척추 외에 엉덩이, 무릎, 어깨 등의 관절에도 염증을 일으킬 수 있습니다. 여기서 염증은 통증, 부종, 뻣뻣한 느낌, 빨갛게 붓는 증상이 나타나는 현상을 말합니다. 척추에 염증이 생기면 척추뼈들이 같이 굳거나 일체가 되어 자라기 때문에 등이 뻣뻣해지기도 합니다.강직성 척추염은 경미한 경우부터 매우 심한 경우까지 종류가 다양합니다. 초기에 진단하여 적절히 치료하면 통증이나 뻣뻣함을 조절할 수 있어서 심각한 변형의 발생을 줄이거나 예방할 수 있습니다."
11,건선,건선(Psoriasis),피부과,"건선피부,건선피부염",건선은 피부에 경계가 뚜렷하며 다양한 크기의 은백색의 비늘로 덮여 있는 홍반성 구진 및 판이 형성되는 질환을 의미합니다. 악화와 호전이 반복되는 만성 염증성 피부 질환입니다. 조직학적인 특징은 상피의 과다 증식입니다. 다양한 임상 양상을 보입니다.
12,게실염,게실 질환(Diverticular disease),"소화기내과, 대장항문외과","게실병,게실염,게실증,대장 게실","게실 질환은 식도, 위, 소장, 대장의 약해진 장벽이 늘어나 꽈리 모양의 주머니가 생기는 것을 의미합니다. 게실 질환은 대부분 대장에 발생하며, 특히 우측 결장에 잘 생깁니다. 돌출되는 대장벽이 점막과 점막하층에 국한되는 경우를 ‘가성 게실’이라고 합니다. 가성 게실은 후천적으로 발생합니다. 여러 개의 게실이 나타나며, 주로 좌측 대장에서 발생합니다. 근육층을 포함한 장벽의 전층이 돌출되어 주머니를 형성하는 경우를 ‘진성 게실’이라고 합니다. 진성 게실은 선천적으로 발생하며 동양인에게서 흔히 발견됩니다. 또한 주로 한 개의 게실이 나타나는 경우가 많고, 대부분 우측 대장에 생깁니다. 게실이 있지만 특별한 문제를 일으키지 않으면 ‘게실증’, 게실에 대변이나 음식물 찌꺼기 등이 끼어 염증을 일으키면 ‘게실염’이라고 합니다."
13,결장암 / 직장암,결장암,"소화기내과, 종양내과, 방사선종양학과, 대장항문외과",결장직장암,결장암은 결장 내막에서 시작되는 암입니다.
14,결핵,결핵(Tuberculosis),"감염내과, 호흡기내과",결핵,결핵은 결핵균이 침입하여 발생하는 병입니다.
15,경부 종양,경부 종양,이비인후과,경부종괴,"경부종양은 대개 상기도감염, 결핵과 같은 염증성질환에 의해 이차적으로 발생합니다."
16,골관절염,골관절염(Osteoarthritis),"정형외과, 류마티스내과","DJD,degenerative arthritis,degenerative joint disease,퇴행성관절염","골관절염은 뼈의 관절면을 감싸고 있는 관절 연골이 마모되어 연골 밑의 뼈가 노출되고, 관절 주변의 활액막에 염증이 생겨서 통증과 변형이 발생하는 질환입니다. 흔히 퇴행성 관절염이라고도 불리우며 관절 질환 중에서 가장 많이 발생하는 질환입니다. 그러나 나이가 들면서 발생하는 질환은 아닙니다."
17,골반염,골반 염증성 질환(Pelvic inflammatory disease),산부인과,"PID,골반내염증,골반내염증질환,골반염","골반 염증성 질환은 질과 자궁 경관을 통해 세균이 침입하여 자궁 및 난관, 난소, 복강 내에 염증을 일으켜 발생하는 질환을 의미합니다."
18,공황장애,공황 장애(panic disorder),정신건강의학과,"공황발작, 우발적 발작성불안, 임소공포",공황 장애란 갑자기 극도의 두려움과 불안을 느끼는 불안 장애의 일종입니다.
19,과민성 대장증후군,자극성 장 증후군(Irritable bowel syndrome),소화기내과,과민성대장,자극성 장 증후군은 특별한 기질적 원인이 확인되지 않는 상태에서 만성적으로 지속되는 복통 및 배변 장애를 말합니다.
20,근근막 통증 증후군,근근막 통증 증후군(myofascial pain syndrome),재활의학과,"근막동통증후군,담,담 걸리다,담결림,담이 걸리다,담통증,발통증후군","근근막 통증 증후군은 근육의 외상이나 과다한 사용, 정신적 스트레스 등으로 인해 근육 또는 근막(근육을 둘러싸고 있는 얇고 투명한 막)에 통증 유발점이 발생하여 해당 근육의 통증과 이에 동반한 연관통, 운동 제한 등의 여러 증상이 발생하는 질환을 의미합니다. 흔히 ‘담에 걸렸다’라고 말하는 질환으로, 누구나 한 번쯤 걸리는 매우 흔한 질환입니다."
21,급성 간염,급성 간염(Acute hepatitis),"소화기내과, 간이식/간담도외과",A형 간염/B형감염/C형감염,급성 간염은 바이러스에 감염되어 간에 염증이 발생하는 바이러스성 급성 간염입니다.
22,급성 담낭염,급성 담낭염(Acute cholecystitis),"소화기내과, 간담도췌외과, 간이식ㆍ간담도외과",급성 쓸개염,"급성 담낭염은 담석, 종양 혹은 담낭의 기능 이상 등으로 인해 담낭관이 부분적이거나 완전히 좁아지면서 담낭 내에 기계적, 화학적 또는 세균성 염증이 발생한 질환을 의미합니다."
23,급성 부비동염,부비동염(Sinusitis),"호흡기내과, 이비인후과, 알레르기내과","급성 부비강염,급성 부비동염,급성 축농증,부비강염,축농증","얼굴의 뼛속에는 몇 개의 빈 공간이 있습니다. 이러한 빈 공간을 '코 옆에 있는 동굴들'이라는 의미에서 부비동이라 합니다. 이 공간은 머리 뼛속에 있는 뇌를 외부의 충격으로부터 보호해 주는 역할을 합니다. 부비동염은 이러한 부비동이라는 빈 공간에 세균, 바이러스가 침투하여 염증이 발생한 질환을 의미합니다. 부비동염은 흔히 '축농증'이라고 불립니다. 부비동염은 증상과 기간에 따라 '급성 부비동염'과 '만성 부비동염'으로 구분됩니다."
24,급성 쓸개염,급성 담낭염(Acute cholecystitis),"소화기내과, 간담도췌외과, 간이식ㆍ간담도외과",급성 쓸개염,"급성 담낭염은 담석, 종양 혹은 담낭의 기능 이상 등으로 인해 담낭관이 부분적이거나 완전히 좁아지면서 담낭 내에 기계적, 화학적 또는 세균성 염증이 발생한 질환을 의미합니다."
25,급성 유방염,급성 유성염,유방외과,유선염,유선염은 유방에 생기는 세균성 감염을 말합니다.
26,급성 충수염,급성 충수염(Acute appendicitis),"소아외과, 대장항문외과","급성 충수 돌기염,급성맹장염","급성 충수염은 맹장 끝 약 10cm 길이의 충수 돌기에 염증이 발생하는 것을 의미합니다. 맹장은 소장의 회장(ileum)이 끝나고 대장(결장, colon)이 시작되는 부위에 커다란 주머니 모양으로 연결된 부위입니다. 충수 돌기는 우측 하복부, 구체적으로 배꼽과 오른쪽 골반뼈가 튀어나온 사이에 위치합니다."
27,급성 췌장염,급성 췌장염(Acute pancreatitis),"소화기내과, 간담도췌외과",급성 췌장염,"급성 췌장염은 담석, 음주, 약물, 종양, 손상 등의 원인에 의해 췌장이 자가 소화되는 급성 염증성 질환을 의미합니다."
28,기관지 확장증,기관지확장증(Bronchiectasis),호흡기내과,기관지확장병,기관지확장증은 폐 속의 큰 기도인 기관지가 과거의 심한 호흡기계 염증으로 손상을 입어 영구적으로 확장됨으로써 객담 배출 기능이 약해진 상태를 의미합니다.
29,기능성 변비,변비(Constipation),소화기내과/노년내과/소아소화기영양과,변비,변비는 대장의 연동 운동이 저하되어 원활한 배변 운동을 하지 못하는 질환을 의미합니다.
30,기능성 소화불량,기능성 위장 장애(Functional Gastrointestinal Disorder),소화기내과,소화불량,"기능성 위장 장애는 특별한 원인 없이 소화불량, 속 쓰림, 더부룩함, 구토, 부글거림 등 여러 가지 위장관 증상이 3개월 이상 지속되는 만성 질환을 의미합니다."
31,기립성 저혈압(혈량저하증 동반 가능),기립성 저혈압,심장내과/심장병원,저혈압,갑자기 앉았다가 일어서거나 누워 있다가 벌떡 일어날 때 순간적으로 혈압이 낮아지고 뇌 혈류가 떨어지면서 어지러워지는 것입니다.
32,기흉,공기가슴증(기흉)(Pneumothorax),"호흡기내과, 흉부외과","기흉,폐기흉","공기가슴증, 즉 기흉은 폐에 생긴 구멍으로 공기가 새면서 늑막강 안에 공기가 차는 질환을 의미합니다. 새는 공기의 양이 증가할수록 폐가 정상 기능을 하지 못합니다. 흉강 안으로 유입되는 공기가 배출되지 않는 경우 양쪽 폐와 심장 사이의 공간과 심장이 한쪽으로 쏠려 응급상황이 발생할 수 있습니다."
33,난소 염전,난소 염전(Ovarian torsion),산부인과,"난소 꼬임, 난소 비틀림",난소가 인대 지지대에서 완전히 또는 부분적으로 회전하여 꼬임과 허혈을 유발하는 것을 난소 염전이라고 합니다.
34,뇌수막염,결핵성 수막염(Tuberculous meningitis),"감염내과, 신경과",결핵성 뇌수막염,"결핵성 수막염은 결핵균이 뇌척수막을 침입하여 염증을 일으키는 질환입니다. 몸속에 결핵균을 보유한 환자의 결핵균이 뇌를 둘러싼 수막으로 이동하여 발생한다고 알려져 있습니다.대개 신체 면역력을 감소시키는 여러 가지 요인을 보유한 알코올 중독, 당뇨병, 악성 종양 등의 환자에게서 잘 발병합니다. 특히 후천성 면역결핍 증후군 환자가 일생 동안 결핵성 수막염에 감염될 확률이 1/3 정도로 추정됩니다."
35,뇌척수액 비루,뇌척수액 비루(cerebrospinal fluid rhinorrhea),신경외과,업데이트 예정,"뇌척수액 비루란 뇌척수액이 마치 콧물처럼 코로 새어나오는 질환입니다. 맑고 물 같은 콧물이 계속 나오며, 아랫배에 힘을 주었을 때 더 많이 나온다면 뇌척수액비루일 가능성이 있습니다."
36,뇌출혈 / 지주막하출혈,뇌출혈(Cerebral hemorrhage),"신경과, 신경외과, 재활의학과","뇌 내 출혈,뇌실질내출혈,뇌일혈,출혈성 뇌졸중",뇌출혈(Cerebral hemorrhage)이란 뇌혈관 벽의 약한 부분이 터져 출혈이 생김으로써 발생하는 뇌혈관 장애를 의미합니다.
37,다낭성 난소 증후군,다낭성 난소 증후군(Polycystic ovary syndrome),산부인과,다낭성난소증,"다낭성 난소 증후군은 시상하부-뇌하수체-난소의 호르몬 이상으로 난소의 남성 호르몬 분비가 증가하여 배란이 잘 이루어지지 않아 월경 불순, 다모증, 비만, 불임이 발생하고, 장기적으로 대사 증후군과 연관되는 질환을 의미합니다. 이 질환에는 인슐린 저항성 또는 고인슐린혈증이 동반될 수 있습니다."
38,단장 증후군,단장 증후군(Short Bowel Syndrome),소화기내과,"작은창자증후군,짧은 창자증후군",단장 증후군은 소장이 짧아 영양소의 소화 흡수 기능이 저하됨으로써 발생하는 여러 가지 대사 이상을 의미합니다. 발병 유형에 따라 선천성과 후천성으로 구분합니다. 선천성은 태아가 짧은 소장을 갖고 태어나는 것을 의미합니다. 후천성은 다른 질병이나 외상으로 인해 잘라내고 남은 소장의 길이가 너무 짧아 장애를 일으키는 것을 의미합니다.
39,"담낭염, 만성 담낭염",만성 담낭염(Chronic cholecystitis),"소화기내과, 간담도췌외과, 간이식ㆍ간담도외과","담낭염,담낭염증,쓸개염,쓸개염증",만성 담낭염은 담낭의 만성적인 염증 질환을 말하며 대부분 담석증 때문에 발생하게 됩니다.
40,당뇨병,당뇨병(Diabetes mellitus),"가정의학과, 내분비내과, 노년내과, 신ㆍ췌장이식외과",당뇨,"당뇨병은 소변으로 포도당이 배출된다고 하여 이름 붙여진 병입니다. 정상인의 경우 소변으로 당이 넘쳐나지 않을 정도로 혈당이 조절됩니다. 여기에는 췌장에서 분비되는 '인슐린'이라는 호르몬이 중요한 작용을 합니다. 이러한 인슐린이 모자라거나 제대로 일을 못 하는 상태가 되면 혈당이 상승하며, 이로 인해 혈당이 지속적으로 높은 상태가 됩니다. 이러한 상태를 당뇨병이라고 합니다. 우리나라의 당뇨병 유병률은 경제가 발전하고 생활 양식이 서구화됨에 따라 증가하는 추세입니다."
41,당뇨성 마비,업데이트 예정,업데이트 예정,업데이트 예정,업데이트 예정
42,대동맥 박리,대동맥 박리(Aortic dissection),"심장내과, 심장병원","대동맥 박리증,박리성 대동맥류","대동맥은 꽤 튼튼하고 두꺼운 관으로, 가장 안쪽의 내막(intima), 주로 근육으로 이루어진 중막(media), 가장 바깥쪽의 외막(adventitia)의 세 겹의 벽으로 구성되어 있습니다. 대동맥 박리는 어떤 원인에 의해 대동맥의 내막이 찢어지면서(intimal tear) 대동맥 내강(lumen) 안에 있는 혈액이 대동맥 중막으로 파급되고, 대동맥 벽이 파급된 혈액에 의해 내층과 외층으로 분리되는 질환을 의미합니다. 대동맥 박리가 시작된 지 2주 이내의 상태를 급성 대동맥 박리라고 하며, 그 이후의 상태를 만성 대동맥 박리라고 합니다."
43,대상포진,대상포진(Herpes zoster),피부과,"Zoster,shingles","대상포진은 수두-대상포진 바이러스(varicella-zoster virus, VZV)가 소아기에 수두를 일으킨 후 신경 주위에 무증상으로 남아 있다가, 수두-대상포진 바이러스에 대한 면역력이 떨어질 때 신경을 타고 나와 피부에 발진을 일으키면서 심한 통증을 유발하는 질환을 의미합니다."
44,"독성 간염(약물, 독극물)",독성 간염(Toxic hepatitis),소화기내과,"약물 유인성 간염, 약인성 간염","독성 간염은 장기간 혹은 단기간의 한약, 양약, 건강기능식품 등과 같은 약제의 복용, 화학 물질의 흡인, 주사 등으로 인해 발생하는 간 기능의 손상을 의미합니다."
45,루푸스 관절염,전신 홍반성 낭창(Systemic lupus erythematosus),"신장내과, 소아신장과, 류마티스내과","낭창,루퍼스,루푸스,루프스,전신성 에리테마토우시스",전신 홍반성 낭창은 주로 가임기를 포함한 젊은 여성에게 발병하는 대표적인 만성 자가면역 질환입니다. 정확한 이름은 전신성 홍반성 루푸스입니다.
46,류마티스 관절염,류마티스 관절염(Rheumatoid arthritis),류마티스내과,"류마토이드관절염,류마토이드성관절염,류머토이드관절염,류머토이드성관절염,류머티스 관절염,류머티스관절,류머티스성 관절염","류마티스 관절염은 관절 주위를 둘러싸고 있는 활막이라는 조직의 염증으로 인해 발생하는 질환입니다. 이 질환은 활막이 존재하는 모든 관절, 즉 움직일 수 있는 거의 모든 관절에서 발생할 수 있습니다. 수개월에서 수년에 걸쳐 진행되는 만성 질환입니다. 류마티스 관절염이 발생하는 전형적인 연령층은 30대 전후의 여성입니다. 그러나 남성에게도 발생할 수 있고, 소아부터 노인에 이르는 모든 연령층에서 발생할 수 있습니다. 우리나라 인구의 약 1%가 류마티스 관절염을 겪고 있습니다. 매년 류마티스 관절염을 겪는 사람들이 많아지리라 추정됩니다."
47,리팜핀 복용으로 인한 증상,리팜핀 부작용(Rifampin side effect)?,"감염내과, 호흡기내과(결핵), 신장내과",업데이트 예정,"소변, 땀, 눈물 등이 붉은 색으로 변할 수 있으나, 완치 후 약 복용을 중단하면 바로 회복될 수 있는 정상적인 반응입니다."
48,만성 기관지염,만성 기관지염(Chronic bronchitis),"호흡기내과, 알레르기내과",만성폐색성기관지염,"만성 기관지염은 기관이나 기관지 내에 기침을 일으킬 정도로 많은 양의 점액이 생산되는 상태로, 보통 기침·가래가 1년 중 3개월 이상 지속되고 이러한 현상이 최소한 2년 이상 이어지는 경우를 의미합니다. 만성 기관지염은 오래 지속되는 감기나 흡연으로 인해 발생할 수 있습니다."
49,만성 신부전,만성 신부전(Chronic renal failure),"신장내과, 소아청소년심장과, 신ㆍ췌장이식외과",만성콩팥기능상실증,"만성 신부전은 노폐물을 제거하는 신기능이 감소하여 정상으로 회복될 수 없는 단계의 질환을 의미합니다. 즉, 신장이 제 기능을 유지하지 못하는 상태를 말합니다. 남아 있는 신장 기능은 시간이 경과하면서 점차 저하되어 결국은 신 대체 요법(투석이나 신이식술)이 필요한 말기 신 질환으로 진행합니다."
50,만성 췌장염,만성 췌장염(Chronic pancreatitis),"소화기내과, 간담도췌외과",재발성 췌장염,"만성 췌장염은 만성적인 췌장의 염증으로 인해 췌장의 외분비 및 내분비 기능이 저하되고, 섬유화가 진행되며, 췌관의 불규칙적인 확장이 일어나는 질환을 말합니다."
51,만성 폐쇄성 폐질환,만성 폐쇄성 폐질환(Chronic obstructive pulmonary disease),"호흡기내과, 알레르기내과",COPD,"만성 폐쇄성 폐질환은 '담배를 피우던 사람이 중년 이후부터 서서히 숨이 차는 증상'이 나타나는 질환으로, 나이가 많고 오랜 기간 담배를 피운 사람에게 잘 발생합니다. 이 질환의 특징은 숨이 차는 증상이 서둘러 걷거나 비탈길을 오를 때 심하고, 평상시에 이 증상이 덜한 것입니다. 대표적인 증상으로는 기침, 기침 발작 후 소량의 끈끈한 객담 배출, 지속적으로 진행하면서 점차 악화하는 호흡 곤란, 천명음과 흉부 압박감 등이 있습니다. 이 질환의 약어인 COPD는 '만성 폐쇄성 폐질환(Chronic Obstructive Pulmonary Disease)'의 영문 표기의 앞머리 글자만을 따온 용어입니다. 만성 폐쇄성 폐질환은 서서히 진행됩니다. 처음에는 간혹 가벼운 호흡 곤란과 기침이 나타납니다. 병이 진행되면서 호흡 곤란이 심해집니다. 말기에 이르면 심장 기능도 떨어집니다."
52,목 삠,염좌(sprain),정형외과,삠,염좌는 인대가 사고나 외상 등에 의해 손상된 것을 의미합니다.
53,"바이러스성 발진(홍역, 수두 등)",홍역(Measles),"감염내과, 소아청소년과",업데이트 예정,홍역은 홍역 바이러스에 의한 감염으로 발생하며 우리나라에서 제2군 법정 전염병으로 분류되어 있습니다. 감염력이 매우 높으며 주로 침 등을 통해 전파됩니다. 한 번 걸린 뒤에는 평생 다시 걸리지 않습니다.
54,반응성 관절염,반응성 관절염(Reactive arthritis),"류마티스내과, 정형외과        ",업데이트 예정,"반응성 관절염은 시겔라(shigella, 이질균), 예르시니아(yersinia), 클라미디아(chlamydia), 살모넬라(salmonella, 장티푸스균), 캄필로박터(campylobacter) 등에 의해 위장관 혹은 비뇨생식기계 감염증이 생긴 이후 발생하는 염증성 척추관절병증의 하나입니다."
55,발작심실상성 빈맥,발작성 상심실성 빈맥(Paroxysmal Supraventricular Tachycardia)        ,순환기내과 ,"PSVT,발작성 심실상성 빈맥,방실결절 회귀성 빈맥","발작성 상심실성 빈맥은 포괄적인 의미로는 심방에서 발생하는 모든 빈맥을 포함하나, 좁게는 방실결절(atrioventricular node)을 이용한 방실결절 회귀성 빈맥과 방실결절 및 우회로를 이용한 방실 회귀성 빈맥을 말합니다. 발작성 심실상성 빈맥, PSVT라고도 합니다. 발작성 상심실성 빈맥은 아이에서 성인에게까지 연령과 관계없이 발생합니다. 심장이 150에서 200번까지 규칙적으로 박동하는 것이 특징입니다."
56,배뇨 실신,배뇨 실신(Micturition Syncope),순환기내과,배뇨실신증,"배뇨실신증이란 주로 전날 과음하고 다음날 아침 소변을 볼 때나, 노인이 야간에 일어나서 배뇨할 때 발생하는 실신 발작을 말합니다. 배뇨실신증의 정확한 원인은 밝혀지지 않았지만, 고혈압이나 당뇨병, 이상지질혈증 등 심혈관질환을 앓는 사람에게 자주 발생하는 것으로 알려졌습니다."
57,베체트병,베체트 병(Behcet's disease),"소화기내과, 류마티스내과","베체트,베체트 증후군,베체트씨병",베체트 병은 전신의 혈관에 염증이 발생하는 질환 중 하나입니다.
58,복부대동맥류 파열,복부 대동맥류 파열(Abdominal aortic Aneurysm rupture)        ,"혈관외과, 흉부외과        ",복부동맥류 ,"심장에서 나온 가장 큰 동맥인 흉부 대동맥을 거쳐 복부 대동맥이 되는데, 이 부위에 생기는 동맥류를 복부 대동맥류라고 합니다. 대동맥류 파열 전에는 대부분 증상이 없습니다. 복부, 배부, 측부의 통증, 복부 종괴, 복부 팽만감, 복부의 박동감(sensation of abdominal pulsation) 등이 느껴지면 대동맥류를 의심할 수 있습니다. 50세 이하에서는 드물게 나타나며, 진단 평균 연령은 65~70세입니다. 남성에게 더 많이 나타납니다."
59,부비동 종양,비부비동 종양(Sinonasal Tumor),이비인후과,"비강암,부비동암,비강종물","신체의 얼굴 뼛속에는 몇 개의 빈 공간이 있습니다. 이를 '코 옆에 위치한 동굴'이라는 의미에서 부비동이라 합니다. 이 부위와 비강에 종양이 생긴 것을 통틀어 비부비동 종양이라 합니다. 비부비동 양성 종양은 드문 질환으로, 반전성 유두종, 혈관섬유종, 혈관종, 골종 등이 있습니다. 비강과 부비동에 발생하는 악성 종양은 인체의 악성 종양 중에서 1% 이하를 차지합니다. 편평세포암종이 대부분입니다. 이는 대부분 병이 진행된 후 늦게 발견되는 경우가 많아서 예후가 불량합니다."
60,불안 / 우울,우울증(Depressive disorder),정신건강의학과,"우울병,우울장애,울병,주요 우울장애","우울증은 생각의 내용, 사고 과정, 동기, 의욕, 관심, 행동, 수면, 신체 활동 등 전반적인 정신 기능이 지속적으로 저하되어 일상생활에도 악영향을 미치는 상태를 의미합니다."
61,비후성 심근병증,심근병증(Cardiomyopathy),"심장내과, 흉부외과  ","비후성심근증,심근증,제한성 심근증,확장성심근증","심근병증(심근증)은 심장의 근육 자체에 일차적으로 생기는 질환을 말합니다. 고혈압이나 선천성 판막 질환, 관상동맥 질환, 심낭염 등에 의해 생기는 이차적인 심근의 이상을 제외합니다. 심근병증은 원인 질환을 판별할 수 없는 경우가 많아, 임상 양상에 따라 확장성 심근증, 비후성 심근증, 제한성 심근증 3가지로 분류합니다."
62,빈혈,거대적혈모구빈혈(Megaloblastic anemia),혈액내과,거대적아구성 빈혈,거대적혈모구빈혈은 건강한 적혈구를 생산하는 데 꼭 필요한 비타민 B12(코발라민)와 엽산 중 한 가지 이상이 결핍되어 세포 내 DNA 합성이 저해되는 것을 의미합니다.
63,삼차신경통,삼차 신경병증(Trigeminal neuralgia),"신경과, 신경외과",삼차신경통,"삼차신경(trigeminal nerve)은 얼굴과 머리에서 오는 통각과 온도 감각을 뇌에 전달하는 뇌신경입니다. 삼차신경병증이란 삼차신경에 병적인 변화가 생겨 얼굴의 감각 이상 및 씹기 근육의 약화 증상이 나타나는 질환을 의미합니다. 삼차신경병증의 주된 증상이 통증인 경우에는 삼차신경통(trigeminal neuralgia)이라고 합니다. 삼차신경통은 비교적 흔한 뇌신경통으로, 연간 인구 10만 명당 4.5명꼴로 발생합니다. 중년 이후의 여성에게 비교적 흔하게 나타납니다."
64,상과염,내상과염(Golf Elbow),정형외과,"골프 엘보우,골프엘보","내상과염은 팔꿈치 안쪽의 튀어나온 뼈에 염증이 생겨 통증이 발생하는 질환을 의미합니다. 골프를 치는 사람들에게 많이 나타난다고 하여 ‘골프엘보’라는 이름이 붙여졌지만, 골프와 상관없이 집안일을 하거나 팔을 많이 사용하여 발생하는 경우가 많습니다. 팔꿈치 관절과 팔에 무리한 힘이 반복적으로 가해질 때 나타날 수 있습니다. 25세 이상에게서 많이 발생하며, 이 중에서도 40대의 발병률이 가장 높습니다. 큰 병으로 발전하지는 않지만 자주 재발하며 일상생활에 불편을 주는 질환입니다."
65,상기도 감염증,상기도 감염(Upper respiratory infections),알레르기 내과,감기,"상기도 감염은 코, 인두, 후두, 기관 등 상기도의 감염성 염증 질환을 의미합니다."
66,상기도출혈,객혈(Hemoptysis),호흡기내과,"각혈, 혈담",객혈은 기침과 함께 혈액이 섞인 가래가 나오는 것을 의미합니다.
67,생리적 빈맥,업데이트 예정,업데이트 예정,업데이트 예정,업데이트 예정
68,섬유 낭종성 질환,유방의 섬유낭종성 질환,유방외과,"만성 유선염, 유방 이성형증","유방의 섬유낭종성 질환은 “만성 유선염” 쉽게 말하면 젖 멍우리가 뭉친 것으로, 대부분 이 멍우리들은 월경 전에 딱딱하게 잡혔다가 월경이 끝나면 풀어져 부드럽게 되지만 스트레스 등에 의해서 여성호르몬의 분비가 균형을 잃게 되고 이러한 불균형이 계속되면 유선과 섬유질이 비대해지면서 유방통을 일으키는 섬유낭종성 질환이 됩니다."
69,섬유근육통,섬유근육통(Fibromyalgia),류마티스내과,"섬유근육통증,섬유근통,섬유근통증,섬유근통증후군","섬유근육통은 특별한 원인 없이 신체 여러 부위의 통증, 피로, 수면 장애 및 인지 장애 등이 3개월이 이상 만성적으로 계속되는 질환을 의미합니다."
70,섬유선종,유방의 섬유선종(Fibroadenoma of breast),유방외과,"가슴섬유선종,가슴섬유종,섬유선종,유방 섬유선종,유방섬유종","유방의 섬유선종은 젖을 분비하는 유선 말단 부위의 과다한 증식과 이에 따른 유방 조직의 변형 때문에 발생하는 섬유선종입니다. 섬유선종에는 거대 섬유선종, 연소성 섬유선종 등이 있습니다. 거대 섬유선종은 5cm 이상의 커다란 종괴로 나타나며, 대개 임신, 수유부에게서 나타납니다. 연소성 섬유선종은 사춘기 여성에게 발생하며, 갑자기 크기가 커져서 피부가 변형되고 정맥들이 돌출됩니다."
71,세균성 질염,세균성 질염(Bacterial vaginosis)       ,산부인과,질염,"세균성 질염은 정상적으로 질 내에 살면서 질을 산성으로 유지하는 락토바실리(lactobacilli)라는 유산균이 없어지고, 대신 혐기성 세균이 증식하면서 발생하는 질 내 감염증이며, 가장 흔한 질염입니다."
72,소화성 궤양,위궤양(Gastric ulcer),"소화기내과, 노년내과","소화성 궤양,십이지장 궤양",위궤양은 위점막이 헐어서 궤양이 점막뿐만 아니라 근육층까지 침범한 것을 말합니다.
73,쇼그렌 증후군,쇼그렌 증후군(Sicca syndrome (Sjogren)),"안과, 이비인후과, 류마티스내과","건조 증후군,쇼그렌병,쉐그렌 증후군,자가면역 상피염,자가면역 외분비병증","쇼그렌 증후군은 타액선, 눈물샘 등에 림프구가 침입해 만성 염증이 발생하여 분비 장애를 일으켜서 입이 마르고 눈이 건조해지는 증상이 나타나는 자가면역성 전신 질환을 의미합니다. 이 병명은 질환을 처음으로 기술한 스웨덴 의사 헨릭 쇼그렌의 이름을 따서 지었습니다. 이 증후군은 여성이 남성보다 9배 정도 많이 발생합니다. 특히 30~50세의 중년 여성에게서 잘 발생합니다."
74,식도 정맥류 파열,식도 정맥류(Esophageal varices),소화기내과,Esophageal Varix,식도 정맥류는 식도에 있는 정맥이 혹처럼 부풀어 오르는 질환입니다. 이 질환은 간경변증의 주요 합병증입니다.
75,식도암,식도암(Esophageal cancer),"소화기내과, 종양내과, 영상의학과, 방사선종양학과, 신경외과, 이비인후과, 흉부외과, 위장관외과",식도암종,"식도암은 식도에 생긴 암입니다. 식도암은 위치에 따라 경부 식도암, 흉부 식도암, 위-식도 연결부위암으로 구분되고, 세포의 형태에 따라 편평세포암, 선암, 육종, 림프종, 흑색종 등으로 구분됩니다. 우리나라에서 많이 발생하는 식도암은 편평세포암으로, 전체 식도암의 95% 정도를 차지합니다. 편평세포암은 식도 점막의 상피세포에서 생기는 암으로, 대개 식도의 중부와 하부에 발생합니다. 선암은 식도의 분비샘 조직에서 생기는 암으로, 대개 위 근처인 하부 식도에서 발생합니다."
76,식도정맥류,식도 정맥류(Esophageal varices)       ,소화기내과,Esophageal Varix,식도 정맥류는 식도에 있는 정맥이 혹처럼 부풀어 오르는 질환입니다. 이 질환은 간경변증의 주요 합병증입니다. 식도 정맥류는 출혈이 발생할 경우 사망률이 12~22%에 달하는 응급 질환입니다. 간경변증 환자의 주요 사망 원인 중 하나입니다.
77,식중독,식중독(Foodborne illness)    ,"가정의학과, 소화기내과, 위장관외과, 소아소화기영양과",Food poisoning       ,"식중독은 음식물을 섭취함으로써 소화기가 감염되어 설사, 복통 등의 증상이 급성 또는 만성으로 나타나는 질환을 통칭합니다. 정확하게는 식품 매개 질환이라고 하는 것이 맞습니다."
78,신경 이상에 의한 변비,Constipation due to nerve abnormalities,소화기내과,변비,신경 이상에 의한 변비는 신경의 이상으로 인해 배변활동이 원활하게 이뤄지지 않는 상태를 말합니다.
79,신경성 식욕부진증,신경성 식욕부진증(Anorexia nervosa),"정신건강의학과, 소아정신건강의학과","거식증,신경성 식욕부진","신경성 식욕부진증은 마르기 위해 강박적으로 애쓰는 사람들에게 나타나는 일종의 심리적, 정신적, 사회적 장애로, 먹는 것을 제한하는 섭식 장애입니다. 전체 환자의 90% 이상은 젊은 여성이지만, 남성에게도 나타날 수 있습니다. 신경성 식욕부진 환자들은 강한 식욕 또는 음식에 대한 갈망을 가지고 있지만 적극적으로 이를 억제합니다."
80,신우신염,급성 신우신염(Acute pyelonephritis),"감염내과, 신장내과, 소아신장과","신우신염,신우염",급성 신우신염은 신장이나 신우 등 상부 요로계가 감염된 것을 의미합니다. 방광이나 요도의 감염은 하부 요로 감염이라고 합니다.
81,신장성 요붕증,신장성 요붕증(Nephrogenic diabetes insipidus) ,"내분비내과, 소아내분비대사과",업데이트 예정,"요붕증이란 심한 갈증에도 불구하고 비정상적으로 많은 양의 농축되지 않은 소변을 보는 상태를 말하며, 대개 소변 농축에 중요한 역할을 담당하는 항이뇨호르몬의 생성과 작용 단계의 이상으로 발생합니다. 신장성 요붕증은 신장이 항이뇨효르몬에 이상 반응을 보이면서 소변을 농축하는 능력을 상실하여 발생합니다."
82,심근경색증,급성 심근경색증(Acute myocardial infarction),"심장내과, 심장병원","급성 심근경색,동맥증후군,심근경색,심근경색증",급성 심근경색증은 심장 근육을 먹여 살리는 관상동맥이 갑작스럽게 완전히 막혀서 심장 근육이 죽어가는 질환입니다. '혈전'이라는 피떡이 심장에 혈액을 공급하는 관상동맥을 갑자기 막아서 심장 근육으로 혈액이 공급되지 않아서 발생합니다. 협심증과는 다릅니다.심근경색증이 발생하면 1/3은 병원에 도착하기 이전에 사망합니다. 병원에 도착하여 적절한 치료를 받더라도 사망률이 5~10%에 이르는 무서운 질환입니다.
83,심방세동 / 심방조동,심방 세동(Atrial fibrillation) / 심방 조동(Atrial Flutter)   ,"심장내과, 심장병원",심방 잔떨림,"심방 세동은 심방의 수축이 소실되어 불규칙하게 수축하는 상태로, 부정맥의 일종입니다. 심방 조동은 심방이 분당 250~400회 정도로 빠르게 수축하는 상태를 의미합니다. 대부분 우심방에 비정상적인 회귀 회로가 있어서 전기가 지속적으로 심방 내를 돌게 되어 심방이 빨리 뛰는 부정맥에 해당합니다."
84,심부전,울혈성 심부전(Congestive heart failure),"심장내과, 심장병원","울혈성심부전증,울혈심부전,울혈심부전증","울혈성 심부전은 여러 원인으로 인해 심장이 신체 조직이나 기관에서 필요한 혈액(특히 산소)을 공급할 수 없는 병태생리학적 상태를 말합니다. 그 자체가 질병인 것은 아닙니다. 심부전은 급성으로 나타날 수도 있고, 만성으로 나타날 수도 있습니다. 심부전은 흔히 다른 심장 질환, 예를 들면 만성 고혈압, 관상동맥 질환, 판막에 이상이 있는 기계적 결함, 만성적인 부정맥(심방 세동이 가장 흔함) 등의 다양한 원인 질환으로 인해서 나타납니다."
85,아토피성 피부염,아토피성 피부염(Atopic dermatitis),"피부과, 알레르기내과, 소아천식아토피센터","Atopic eczema,소아 아토피,아기 아토피,아토피,아토피 습진,아토피피부,아토피피부염","아토피성 피부염은 심한 가려움증을 동반하고 만성적으로 재발하는 피부 습진 질환입니다. 아토피성 피부염은 천식, 알레르기 비염, 만성 두드러기와 함께 대표적인 알레르기 질환 중 하나입니다. 보통 태열이라고 부르는 영아기 습진은 아토피 피부염의 시작으로 볼 수 있습니다. 아토피성 피부염의 발생 빈도는 나이가 들면서 점점 줄어들지만, 소아, 청소년, 성인에 이르기까지 호전과 악화를 반복하며 만성적인 경과를 보이기도 합니다. 전 세계적인 소아의 이환율은 약 10~30%입니다. 2010년 국내에서 실시한 설문 조사에서는 초등학생의 35.6%가 아토피 피부염으로 진단받았던 병력이 있다고 대답하였는데, 이는 2000년의 24.9%보다 현저히 증가한 것입니다."
86,안정협심증,불안정형 협심증(Unstable angina),"심장내과, 심장병원","불안정협심증,비안정성협심증","협심증은 심장에 혈액을 공급하는 혈관인 관상동맥이 동맥경화증으로 막혀서 생기는 질환입니다. 관상동맥 내부의 동맥경화성 변화는 사실상 20대 초반부터 진행됩니다. 혈관 면적의 70% 이상이 좁아지면 협심증 증상이 발생할 수 있습니다. 심근경색증은 관상동맥이 완전히 막혀서 발생하는 데 비해, 협심증은 어느 정도의 혈류는 유지됩니다. 이 때문에 주로 심장 근육의 산소 요구량이 상대적으로 증가하는 상황에서 증상이 나타납니다. 불안정형 협심증은 대개 안정형 협심증이 악화되어 나타나는 경우가 많습니다. 그 외에도 최근 1개월 내에 발생한 협심증이나 아주 작은 운동으로 발생한 협심 흉통도 불안정형 협심증으로 봅니다. 최근에 정도가 심해진 협심증, 활동 시뿐만 아니라 안정 시에도 흉통이 발생하는 경우에도 불안정형 협심증으로 진단할 수 있습니다. 이러한 불안정형 협심증의 20~50%는 관상동맥이 완전히 막혀 심장 근육이 죽는 심근경색증으로 이행할 수 있으므로, 즉각적으로 치료해야 합니다. 협심증을 적절히 진단하고, 전문적인 방법으로 환자의 상태를 파악하여, 이에 적합한 치료를 시행하는 것이 매우 중요합니다."
87,알레르기성 비염,알레르기 비염(Allergic rhinitis),"이비인후과, 소아호흡기알레르기과, 알레르기내과","알러지비염,알러지성 비염,알레르기비염,알레르기성 비염","알레르기 비염은 어떤 물질(원인 항원)에 대하여 코의 속살이 과민 반응을 일으켜 발작적이고 반복적인 재채기, 맑은 콧물, 코막힘, 코 가려움증 등의 증상이 나타나는 질환입니다. 최근 환경 오염, 공해의 증가 등에 따라 세계적으로 알레르기 비염이 증가하는 추세입니다. 전 인구의 5~20% 정도가 이 병을 앓고 있을 정도로 흔한 병입니다."
88,알코올성 간 질환 / 간 병변 / 간암,알코올성 간질환(Alcoholic liver disease),소화기내과,"알콜성 간질환,음주 간질환","알코올성 간질환은 과다한 음주로 인해 발생하는 간질환을 의미합니다. 무증상 지방간부터 알코올성 간염, 간경변, 말기 간부전에 이르는 다양한 질환을 말합니다."
89,암의 척추 전이,척추 종양(Spine Bone Tumor),"정형외과,암병원","척추암,척추 신생물","척추 종양은 원발성 종양과 전이성 종양으로 구분됩니다. 원발성 종양은 양성 종양과 악성 종양으로 구분됩니다. 원발성 종양 중 양성 종양에 해당하는 것은 거대세포종, 혈관종 등이 있습니다. 악성 종양으로는 척삭종, 연골육종 등이 있습니다. 전이성 종양은 악성 종양입니다."
90,약물 발진,약물 발진(Drug Eruption),피부과,약진,"약물에 의한 이상반응으로 피부에 발진이 생긴 것을 약물 발진, 또는 약진이라고 부릅니다."
91,약물 유발 빈맥,빈맥(Tachycardia),순환기내과,업데이트 예정,일반적으로 심장 박동수의 정상 범위는 분당 60(또는 50)회에서 100회까지로 정의합니다. 약물에 의한 빈맥이란 항부정맥제 등으로 인해 심장 박동수가 분당 100회 이상으로 빨라지는 경우를 말합니다.
92,약물 유발성 비염,약물유발성 비염(Rhinitis Medicamentosa),이비인후과,비염,약물 유발성 비염은 혈관수축제 코 스프레이를 만성적으로 사용한 사람에게서 주로 나타납니다.
93,약물에 의한 급성 신손상,업데이트 예정,업데이트 예정,업데이트 예정,업데이트 예정
94,약물에 의한 변비,변비(Constipation),소화기내과,변비,변비는 대장의 연동 운동이 저하되어 원활한 배변 운동을 하지 못하는 질환을 의미합니다.
95,약물에 의한 설사,업데이트 예정,업데이트 예정,업데이트 예정,업데이트 예정
96,약물흡입 / 흡연으로 인한 증상,업데이트 예정,업데이트 예정,업데이트 예정,업데이트 예정
97,양성돌발체위현훈,이석증(Benign paroxysmal vertigo)  ,이비인후과 ,"양성 돌발성 체위 현훈증,양성 발작성 현기증,양성 체위성 현훈,양성자세현훈","이석증은 주변이 빙글빙글 도는 듯한 심한 어지럼이 수초에서 1분 정도 지속되다가 저절로 좋아지는 일이 반복되는 증상으로, 원래 명칭은 양성 발작성 체위성 현훈입니다. 이석증은 어지럼의 가장 흔한 원인입니다."
98,여성호르몬대체요법,업데이트 예정,업데이트 예정,업데이트 예정,업데이트 예정
99,역류성 식도염,위식도 역류성 질환(Gastro-esophagus reflux disease),"가정의학과, 소화기내과, 위장관외과, 소아소화기영양과","역류성 식도염,위 식도 역류질환","위식도 역류성 질환은 위 내용물이 소량씩 식도로 역류하고, 이러한 역류의 과정이 반복되어 식도 점막이 손상되어 염증이 나타나는 질환을 의미합니다. 이는 위와 식도 사이에서 위의 내용물이 식도로 올라오는 것을 막아 주는 조임쇠 역할을 하는 괄약근에 이상이 생겨 발생합니다."
100,연골연화증,연골연화증(Chondromalacia),정형외과,"슬개 대퇴 동통 증후군,슬개골 연골연화증","연골연화증은 관절 내 연골 조직이 약해지거나 손상된 것을 의미합니다. 관절 연골은 관절 내 골단부를 둘러싸고 있습니다. 관절 연골은 뼈의 충격을 흡수하는 완충 작용을 하고, 뼈가 마찰 없이 부드럽게 움직일 수 있도록 도와줍니다. 이러한 관절 연골이 약해지는 부분이 점점 늘어날수록 연골은 갈라지거나 실타래처럼 벗겨집니다. 심한 경우에는 파괴된 연골이 완전히 마모되어서 슬개골 뒷면의 뼈가 노출되기도 합니다. 하지만 연골연화증이 있다고 해서 반드시 통증을 일으키는 것은 아닙니다. 현재 연골연화증은 슬개 대퇴 퇴행성 관절염의 전 단계로 여겨집니다. 연골연화증은 병리학적인 병명으로, 현재는 슬개 동통 증후군 혹은 슬개 대퇴 동통 증후군이라는 병명을 사용합니다."
101,연쇄상구균 감염 후 사구체신염,사구체신염(Glomerulonephritis),신장내과,"급성사구체신염,만성사구체신염,신염,신장염",사구체신염은 면역 기능 이상에 의해 사구체에 염증 반응이 일어났을 때 그에 따른 증상과 징후가 발생하는 질환을 통칭합니다.
102,염증성 장질환,크론병(Crohn's disease),"소화기내과, 대장항문외과, 소아소화기영양과","국한성 창자염,염증성 장질환,육아종성 대장염,크론씨병","크론병은 입에서 항문까지 소화기관 전체에 발생할 수 있는 만성 염증성 장질환입니다. 궤양성 대장염과 달리 장의 모든 층에 염증이 침범할 수 있습니다. 주로 대장과 소장이 연결되는 부위인 회맹부에 발병하는 경우가 흔하고, 그 다음으로 대장, 회장 말단부, 소장 등에서 많이 발생합니다."
103,옴 진드기 전염,옴(Scabies)       ,피부과,"개선증,피부병 옴      ","옴은 개선충이라는 피부 기생충에 의해 발생하는 질환입니다. '개선'이라고도 합니다. 옴은 대개 성관계로 전염되기 때문에 성병으로 분류할 수 있습니다. 또, 옴은 피부 접촉을 통하여 전염되므로, 성관계를 한 뒤 함께 잠을 자면 단순히 성관계만 한 것보다 전염이 될 확률이 높습니다."
104,외상 관절염,관절염(Arthritis),"재활의학과, 정형외과, 류마티스내과","Arthrosis,Osteo-arthrosis,골관절증,관절의 염증,관절증,뼈마디염",관절염은 관절 연골이 파괴되고 관절에 염증성 변화가 일어나는 질환을 의미합니다.
105,요로결석,요관 결석(Ureteral stone),비뇨의학과,요로결석,"요관 결석은 말 그대로 요관에 위치한 결석을 말합니다. 소변은 신장에서 피를 걸러 생성되어 배출되고, 신우와 요관을 거쳐 방광에 도달하여 그곳에 모여 있다가, 요도를 통해 배설됩니다. 이렇게 소변이 생성되어 배출되는 경로를 요로라고 하고, 이 중 신장과 방광 사이의 요로를 요관이라고 합니다."
106,요붕증,요붕증(Diabetes insipidus),"내분비내과, 소아내분비대사과",항이뇨호르몬 결핍증,"우리 몸이 제 기능을 하기 위해서는 항상 적절한 수분이 필요합니다. 우리 몸의 수분 상태를 조절해 주는 가장 중요한 물질 중 하나가 바로 항이뇨호르몬입니다. 이 항이뇨호르몬은 뇌하수체에서 분비되며, 신장에서 소변을 통해 빠져나가는 수분 중 우리 몸이 필요한 만큼의 수분을 재흡수하도록 조절합니다. 만일 뇌하수체에서 항이뇨호르몬이 제대로 분비되지 않거나, 항이뇨호르몬이 신장에서 작용하지 못하면 몸에서 필요한 수분이 재흡수되지 못하고 소변을 통해 필요 이상 많이 빠져나갑니다. 이처럼 항이뇨호르몬 분비가 부족하거나 신장에서 제 기능을 하지 못하는 상태를 요붕증이라고 합니다."
107,요추압박골절,요추압박골절(Lumbar Compression Fracture),"정형외과,신경외과",척추 압박 골절,"요추압박골절은 골다공증, 외부의 강한 충격 등으로 인해 척추가 납작하게 주저앉게 되어 통증을 유발하는 질환을 말합니다. 주로 골다공증으로 인하여 골밀도가 감소하게 되면 넘어지거나 작은 외부의 충격에도 압박골절이 발생하게 됩니다. 척추 뼈가 골절된 상태에서 굳어버리게 되고 척추 본래의 기능과 모양이 변형되고 허리가 굽어지게 됩니다."
108,요추염좌,요추 염좌(Lumbar sprain)       ,정형외과,삠,요추 염좌는 요추(허리뼈)부위의 뼈와 뼈를 이어주는 섬유조직인 인대가 손상되어 통증이 생기는 상태를 말합니다.
109,원발다음증,원발성다음증(primary polydipsia),내분비내과,"일차적다음증,원발성다음다갈증","갈증을 느껴 수분섭취를 증가시키는 것으로 수분섭취를 증가한 상태인 과음증의 한 종류입니다. 원발성 다음증인 경우 신장이 처리하기 어려울 정도로 수분 섭취가 많아져 체중이 증가되거나, 혈청 나트륨 등의 전해질이 희석되어 발작이나 심한 경우 심정지가 발생할 수도 있어 매우 주의깊게 관찰이 필요 합니다."
110,원발성 알도스테론증,고혈압(Essential (primary) hypertension),"가정의학과, 심장내과","High blood pressure,Hypertension,본태성 고혈압,속발성 고혈압",고혈압은 혈압이 여러 원인으로 인해 높아진 상태를 의미합니다.
111,원발성 월경곤란,원발성 월경곤란(Primary dysmenorrhea),산부인과,"생리곤란증,생리통,원발성 월경곤란증,월경곤란,월경곤란증,월경통,일차성 생리통","월경곤란증은 흔히 말하는 생리통으로, 생리를 하는 여성의 약 50%에서 나타납니다. 골반에 아무런 이상이 없는데 생리통이 있는 경우를 원발성 월경곤란(일차성 생리통)이라고 하고, 기질적인 원인이 있는 경우를 속발성 월경곤란(이차성 생리통)이라고 합니다. 일차성 생리통은 대개 초경 후 1~2년 이내에 나타납니다. 주로 젊은 여성에게 나타나지만 40대까지 계속될 수 있습니다. 이차성 생리통은 골반의 병변이 원인이 되어 발생하기 때문에 초경 후 수년이 지난 후에 생깁니다. 무배란성 월경에서도 생깁니다."
112,월경에 의한 유방통,유방통(Mastodynia),유방외과,"유방통증,젖가슴통증",유방통은 유방에 느껴지는 통증을 말합니다. 비교적 흔한 증상입니다. 유방통은 대부분 월경 시 호르몬 변화에 의해 발생하는 주기성 통증입니다.
113,위암,위암(Stomach cancer),"소화기내과, 종양내과, 방사선종양학과, 위장관외과, 암병원","Gastric cancer,Malignant neoplasm of stomach,cancer of the stomach,위 악성종양,위선암,위선암종,위암종","위에 발생하는 악성 종양에는 위 선암, 림프종, 위 점막하 종양, 평활 근육종 등이 있습니다. 이 중에서 위 선암이 98%를 차지합니다. 따라서 위암은 일반적으로 위 선암을 말합니다. 위암은 위의 점막에서 발생합니다. 시간이 지남에 따라 점막하층, 근육층, 장막하층, 장막층으로 침윤합니다. 위암은 점막 또는 점막하층을 따라 위 내에 넓게 퍼지기도 하고, 점막층에서 장막층을 향해 깊이 퍼지기도 합니다. 위 주변의 임파선을 따라서, 혹은 혈류의 파급에 의해 간, 폐, 뼈 등의 여러 부위로 퍼질 수 있습니다."
114,위축성 질염,노인성 질염(Senile (atrophic) vaginitis),산부인과,"노인성 질염,비특이성 질염,위축성 질염","노인성 질염은 폐경에 따라 발생하는 질염을 의미합니다. 폐경이 오면 난소에서 분비하는 호르몬의 양이 감소하여, 호르몬 작용으로 유지하던 질 점막이 점차 얇아지고 질 점막의 혈관 분포가 감소하면서 질 내부의 정상적인 주름이 없어집니다. 이 때문에 질 점막이 감염, 외상에 약해지며 심하게 위축되는데, 이것이 위축성 질염을 유발할 수 있습니다."
115,유당불내증,유당분해효소결핍증(Lactose intolerance),가정의학과,"우유 소화불량,유당분해효소결핍,유당불내증,젖당분해효소결핍,젖당불내성","유당은 우유에 함유된 물질입니다. 유당 분해 효소인 락타아제가 부족한 사람이 유당을 섭취하면, 유당이 소장에서 삼투 현상에 의해 수분을 끌어들임으로써 팽만감과 경련을 일으키고, 대장을 통과하면서 설사를 유발합니다. 이러한 현상을 유당분해효소결핍증이라 합니다."
116,유방 외상,업데이트 예정,업데이트 예정,업데이트 예정,업데이트 예정
117,유방낭종,낭종(cyst),"유방외과, 피부과",업데이트 예정,"낭종이란 주위 조직과 뚜렷이 구별되는 막과 내용물을 지닌 주머니를 말합니다. 낭종은 신장, 간, 유방, 피부 등 어느 부위에나 생길 수 있습니다. 통상적으로 낭종이 한번 형성되면 수술로 제거되지 않는 한 없어지지 않고 평생 지속됩니다. 낭종의 대부분은 양성이어서 건강에 큰 영향을 미치지 않지만 간혹 암이나 전암성 병변(암이 되기 전 단계의 병변)일 수 있으며, 심각한 기저질환을 의미할 수도 있습니다."
118,유방농양,유방 농양(Abscess of breast),유방외과,유망농양,"유방에 여러 가지 원인으로 염증이 생긴 것을 유선염이라고 하고, 유선염이 진행되어 유방에 고름 주머니가 생긴 것을 유방 농양이라고 합니다."
119,유방암,유방암(Breast cancer),"종양내과, 방사선종양학과, 성형외과, 재활의학과, 유방외과","Breast Cancer,Breast tumor,유방 악성신생물,유방종",유방암은 유방에 발생하는 모든 악성 종양을 통틀어 말하는 것입니다. 유방암은 유방에 비정상적인 조직이 계속 자라거나 다른 장기에 퍼지는 치명적인 병입니다. 미국에서는 유방암이 오래전부터 여성 암 중 1위를 차지하고 있습니다. 우리나라에서도 유방암의 발생이 꾸준히 증가해 2001년에는 여성 암 중 가장 많은 암이 되었습니다. 현재까지 지속적으로 증가하는 추세입니다.
120,유방염(유선염),유선염(Mastitis),유방외과,업데이트 예정,유선염은 유방에 생기는 세균성 감염을 말합니다. 
121,유산,유산(Abortion),산부인과,"사산,유발유산,자연유산",유산은 태아가 생존할 수 있는 단계인 임신 20주 이전에 죽는 현상을 말합니다. 유산은 전체 임신의 약 20~30%에 달합니다. 이 중에서 80% 이상이 처음 3개월 이전에 발생합니다. 그 이후에는 유산의 빈도가 급격히 감소합니다.
122,유착성 관절낭염,동결견(Frozen shoulder),"정형외과, 소아정형외과","오십견, 동결견 ",동결견(흔히 '오십견'이라고도 함)은 특별한 외상 없이 어깨에 통증이 발생하고 그 통증으로 인하여 어깨의 움직임에 지장이 생기는 질환을 의미합니다.
123,윤활막염,윤활막염(synovitis)   ,정형외과,"활막염, 활액막염","윤활막염은 관절의 윤활막이 외상이나 염증 등으로 인해 자극을 받아 혈구와 단백질 섬유를 함유하는 점액을 생성함으로써 관절이 붓고, 굽히거나 펴는 동작이 제한되는 질병이다. 증세는 관절을 자유롭게 움직이지 못하는데, 통증·경련·파행증 등을 동반하기도 한다."
124,일과성 허혈 발작,일과성 뇌허혈증(Transient cerebral ischemia),신경과,"Transient Ischemic Attack,일과성 허혈성 발작,일과성뇌허혈발작,일과성뇌허혈현상",일과성 뇌허혈증은 혈전이 혈관을 막기 전에 저절로 녹아서 그 증상이 몇 분 또는 몇 시간 이내(24시간 이내)에 사라지는 것을 말합니다.
125,일차성 고콜레스테롤혈증,고콜레스테롤혈증(Pure hypercholesterolemia),"가정의학과, 내분비내과, 심장내과, 노년내과","고콜레스테롤혈, 과콜레스테롤,과콜레스테롤혈증,콜레스테롤과다증",고콜레스트롤혈증은 혈액 내 콜레스테롤이 과도하여 발생하는 질환입니다.
126,임신,임신(Pregnancy),산부인과,업데이트 예정,"임신이란 수정란이 자궁 내벽에 착상하여 모체로부터 영양을 공급받으며 태아로 발육하는 과정이다, 사람의 임신기간은 일반적으로 약 280일이다."
127,자궁경부암,자궁경부암(Cervical cancer),"산부인과, 암병원",Malignant neoplasm of cervix,"자궁은 크게 두 부분으로 나뉘는데, 자궁의 약 4분의 3을 차지하는 몸 부분(체부)과 질로 연결되는 목 부분(경부)이 있습니다. 자궁경부암은 자궁의 목 부분인 자궁경부에 발생하는 암을 의미합니다."
128,자궁경부염,자궁경부염(Cervicitis),산부인과,"자궁경관염,자궁입구염",자궁경부염은 자궁 입구에 있는 자궁경부에 염증이 생기거나 균에 감염되는 질환을 말합니다. 주로 자궁경부나 자궁경관을 덮고 있는 점막에 흔히 발생합니다. 전염성일 수 있습니다. 사춘기 이후 모든 연령층의 여성에게 나타납니다. 급성 자궁경부염은 박테리아나 바이러스 감염에 의해서 나타납니다. 특이한 증상이 나타납니다. 만성 자궁경부염은 장시간에 걸친 감염증입니다.
129,자궁근종,자궁의 평활근종(Leiomyoma of uterus),산부인과,자궁근종,"자궁의 평활근종은 자궁의 근육세포에서 생기는 종양입니다. 자궁에서 가장 흔히 발생하는 양성 종양입니다. 흔히 자궁근종이라고 부릅니다. 에스트로겐의 영향을 받는 일종의 호르몬 의존성 종양입니다. 여성에게 비교적 흔한 질병으로, 가임기 여성의 약 25~35%에서 발견됩니다. 특히 35세 이상의 여성 40~50%에게 발견됩니다."
130,자궁내막암,자궁내막암(Endometrial cancer),"산부인과, 암병원","Malignant neoplasm of endometrium,자궁체부암",자궁의 가장 안쪽 면을 자궁내막이라고 합니다. 이 자궁내막은 약 한 달 주기로 두꺼워졌다가 얇아지는 과정을 반복합니다. 두꺼워진 자궁내막층이 떨어져 나감으로써 월경을 하게 됩니다. 자궁내막암은 이러한 자궁내막에 비정상적인 세포로 이루어진 암이 생기는 질환입니다. 암이 자궁내막에 생겨 자궁의 대부분을 구성하는 근층으로 자라나가기 때문에 ‘자궁체부암’이라고 부르기도 합니다. 이 질환의 발생 빈도는 동양보다 서양에서 높습니다. 그러나 최근에 우리의 생활 양식이 서구화되면서 이 질환의 발생도 점차 증가하는 추세입니다.
131,자궁내막증,자궁내막증(Endometriosis)      ,산부인과,"자궁내막 이상증식증,자궁내막증식,자궁내막증식증","자궁내막증은 자궁내막 조직(자궁선과 기질)이 자궁 밖에 존재하여 질환을 유발하는 상태를 의미합니다. 자궁 밖에 위치한 이소성 자궁내막 세포는 각종 성호르몬에 대한 수용체를 가지고 있습니다. 월경 주기에 따라 병변에 국소적인 출혈, 염증 반응이 생겨 결국 섬유화, 유착 등이 발생하고, 이로 인한 통증과 불임증 등이 생깁니다."
132,자궁선근증,자궁선근증(Adenomyosis),산부인과,"endometriosis interna,선근증,자궁선근종,자궁선종,자궁선증","자궁선근증(자궁선종)은 자궁 내막 조직이 비정상적으로 증식하여 자궁이 커지는 것을 의미합니다. 전체적으로 자궁이 커져서, 임신 시의 자궁처럼 커질 수 있습니다."
133,자궁외 임신,자궁 외 임신(Ectopic pregnancy),산부인과,"나팔관 임신,난관임신",자궁 외 임신은 수정란이 정상적으로 착상을 하는 장소인 자궁 내부가 아니라 다른 장소에 착상되는 임신을 말합니다.
134,자궁외임신,자궁 외 임신(Ectopic pregnancy),산부인과,"나팔관 임신,난관임신",자궁 외 임신은 수정란이 정상적으로 착상을 하는 장소인 자궁 내부가 아니라 다른 장소에 착상되는 임신을 말합니다.
135,자궁유착,자궁내유착(intrauterine synechia),산부인과,자궁내유착,과거 소파 수술이나 자궁내막염을 앓아 자궁의 내막이 손상되거나 자궁의 앞뒤면이 서로 달라붙어 딱딱해진 것을 말합니다.
136,장중첩증,장중첩증(Intussusception),"산부인과, 소아외과","장겹칩증,창자겹침증","장중첩증은 장이 말려 들어가는 것을 말합니다. 소장에서 대장으로 넘어갈 때 갑자기 굵어지므로, 소장의 맨 아랫부분인 회장이 대장 앞에 있는 맹장으로 말려 들어가는 경우가 가장 많습니다."
137,장폐색,장폐색(Intestinal obstruction),"소화기내과, 소아외과, 대장항문외과","ileus,장폐색증","장폐색은 소장이나 대장의 일부가 여러 요인에 의해 부분적으로 또는 완전히 막혀서 장의 내용물(음식물, 소화액, 가스)이 빠져나가지 못하여, 배변과 가스가 장내에 축적되어 장애를 일으키는 현상을 말합니다."
138,저혈당,저혈당증(Hypoglycemia),"내분비내과, 소아내분비대사과",저혈당,"저혈당증은 혈당이 정상인보다 낮은 상태를 말합니다. 일반적으로 혈당이 50mg/dl 이하일 때를 말합니다(참고로 정상인의 혈당은 공복의 경우 60~120㎎/㎗, 식사 2시간 후의 혈당은 140㎎/㎗ 이하로 유지됩니다). 하지만 사람마다 저혈당으로 인한 증상이 나타나는 혈당 수치가 다릅니다. 따라서 모든 사람의 저혈당 기준을 50mg/dl 이하라고 할 수는 없습니다."
139,저혈당성 쇼크,저혈당증(Hypoglycemia),"내분비내과, 소아내분비대사과",저혈당,저혈당증이 오래 지속되면 경련이나 발작이 있을 수 있고 쇼크 상태가 초래되어 의식을 잃을 수도 있습니다.
140,전신 홍반성 루푸스,전신 홍반성 낭창(Systemic lupus erythematosus),"신장내과, 소아신장과, 류마티스내과","낭창,루퍼스,루푸스,루프스,전신성 에리테마토우시스,전신성 홍반성 낭창,전신성 홍반성 루푸스,홍반성 낭창,홍반성 루푸스,홍반성 루프스,SLE",전신 홍반성 낭창은 주로 가임기를 포함한 젊은 여성에게 발병하는 대표적인 만성 자가면역 질환입니다. 
141,접촉성 피부염,접촉 피부염(Contact dermatitis),"피부과, 알레르기내과","광알레르기접촉피부염,알레르기접촉피부염,자극성 접촉피부염,자극접촉피부염,접촉성 피부염","접촉성 피부염은 피부를 자극하거나 알레르기 반응을 일으키는 물질에 노출되었을 때 나타나는 피부 염증입니다. 염증의 원인에 따라 자극성 접촉 피부염, 알레르기성 접촉 피부염으로 나뉩니다. 외인성 피부 질환 중 감염 질환, 방사선 피부염, 광 피부염, 화상 및 외상을 제외한 화학적 알레르기 물질, 독소, 자극 물질의 접촉에 의한 염증성 질환이 자극성 접촉 피부염입니다. 자극성 접촉 피부염의 특징은 산이나 알칼리와 같은 자극 물질이 직접 닿았던 부위에만 국한되어 발생한다는 것입니다. 손, 발, 얼굴, 귀, 가슴 등 신체 어디에서나 발생할 수 있습니다. 알레르기성 접촉 피부염은 후천적 면역 반응에 의한 것입니다. 이는 이전에 접촉한 적이 있는 어떤 항원에 반응한 사람이 동일 물질과 다시 접촉하면 나타나는 알레르기 반응입니다. 피부가 특정 물질에 닿고 며칠이 지난 후 가려움, 구진, 반점 등의 피부 증상이 나타납니다. 시간이 지나면 피부에 나타난 증상은 점점 더 심해지며, 나중에는 온몸으로 퍼집니다."
142,젖샘관내 유두종,유방의 유선관 내 유두종(Intraductal papilloma of breast),유방외과,유두종,유방의 유선관 내 유두종은 유즙이 나오는 유관에 생긴 유두 모양의 작은 종양입니다.
143,제2기 매독,매독(Syphilis),"감염내과, 비뇨의학과, 피부과",잠복 매독,매독은 성 접촉에 의해 전파되는 감염성 질환을 의미합니다. 매독에 감염되었을 때 적절한 치료를 받으면 몸속의 매독균이 모두 없어집니다. 하지만 치료가 충분히 이루어지지 않는다면 잠복 매독으로 남아있을 수 있습니다. 잠복 매독이 신경 매독으로 진행하는 것을 막기 위해 추가적인 치료가 필요할 수 있습니다.
144,조기 폐경,조기 폐경(Premature ovarian failure),산부인과,"일차성 난소부전증,조기난소부전","여성은 나이가 들면 난소의 기능이 저하되어 에스트로겐이라는 여성호르몬의 분비가 감소하고 월경이 멈추는 폐경을 경험합니다. 여성은 대부분 50대 중후반에 이러한 폐경을 겪습니다. 하지만 40세 이전에 폐경을 겪게 되는 경우가 있습니다. 이것을 조기 폐경이라고 하며, '일차성 난소부전증'이라고도 합니다."
145,조기심실수축,조기심실수축(premature ventricular contraction),심장내과,심실기외수축,"조기심실수축이란 심실의 정상 수축이 나타나기 전에 심실 수축이 먼저 일어나는 경우를 말하며, 부정맥 중에서 가장 흔합니다. 원인은 기질성 심장병 환자에서도 흔하게 나타나지만, 담배, 커피, 홍차, 알코올의 과량 섭취 시에도 발생할 수 있습니다. 심장 질환이 없고 조기심실수축으로 인한 증상이 없다면 치료가 필요 없으며, 꼭 필요한 경우에는 항부정맥제를 사용합니다."
146,채찍질손상,채찍질 손상(Whiplash injury),"신경외과, 응급의학과, 정형외과",편타성 외상,채찍질 손상은 교통사고와 같은 외상으로 인하여 흔히 발생하는 손상이다. 채찍질 손상 환자의 경우 과하게 젖힘 또는 굽힘된 부위의 부분 또는 완전파열이 되는 손상이며 동시에 그 주변 부위에 골절이나 척추뒤관절의 손상이 발생이 된다. 목이 돌아간 위치나 가쪽으로 굽힘이 된 위치에서 사고가 났다면 손상의 범위는 더 심해진다.
147,척추 종양,척추 종양(Spine Bone Tumor),"정형외과, 암병원","척추암,척추 신생물","척수는 뇌의 연수에서 이어져 척추 안을 세로로 가로지르는 긴 원기둥 형태의 중추신경입니다. 척추는 척수를 감싸고 보호하며 몸의 중심을 잡고 지탱하는 뼈입니다.척추 종양은 원발성 종양과 전이성 종양으로 구분됩니다. 원발성 종양은 양성 종양과 악성 종양으로 구분됩니다. 원발성 종양 중 양성 종양에 해당하는 것은 거대세포종, 혈관종 등이 있습니다. 악성 종양으로는 척삭종, 연골육종 등이 있습니다. 전이성 종양은 악성 종양입니다."
148,척추관 협착증,요추 추간판 탈출증(Herniation of intervertebral disk),"마취통증의학과, 신경외과, 정형외과","디스크,척추관 협착증,퇴행성 척추관 협착증,허리 디스크","여러 개의 작은 척추뼈가 모여서 척추라는 인체의 기둥을 이룹니다. 척추뼈 사이에는 척추뼈끼리 부딪치는 것을 막아주는 쿠션 같은 역할을 하는 '디스크(disc)'라는 말랑말랑한 젤리 같은 구조물이 있습니다. 우리말로는 '추간판'이라고 합니다. 디스크(추간판)의 한가운데에는 젤리같이 찐득찐득한 '수핵'이라는 물질이 들어 있습니다. 그 주변에 수핵을 둘러싸는 '섬유륜'이라는 두꺼운 막이 있습니다. 디스크는 전체적으로 자동차의 타이어와 같은 형태입니다. 디스크는 일어선 상태에서는 중력을 받아 납작해져서 바깥쪽으로 약간 볼록한 형태가 됩니다. 디스크는 그 특수한 구조 때문에 웬만한 힘이 가해져도 효율적으로 쿠션 역할을 할 수 있습니다. 그러나 갑자기 무거운 물건을 들어 올리거나, 부자연스러운 자세를 오랫동안 취하면 디스크에 무리한 힘이 가해지면서 디스크가 밖으로 돌출됩니다. 심한 경우 디스크를 감싼 막이 터지면서 그 안에 있는 수핵이 튀어나옵니다. 디스크는 대개 후방이나 후외방으로 돌출됩니다. 이때 바로 곁에 있는 신경을 누르게 됩니다. 돌출된 디스크는 척추의 어느 부위에나 생길 수 있습니다. 목에 생기면 '목 디스크', 등에 생기면 '등 디스크', 허리에 생기면 '허리 디스크'라고 부릅니다. 이와 같이 디스크가 돌출되어 신경을 눌러 요통 및 다리가 아프고 저린 증상을 일으키는 병을 '추간판 탈출증' 또는 '디스크 탈출증'이라고 합니다. 발생 빈도별로 보면 허리 디스크가 가장 흔합니다. 그다음이 목 디스크입니다. 등 디스크는 드문 병입니다."
149,천식,천식(Asthma),"호흡기내과, 알레르기내과, 소아천식아토피센터","소아천식,운동유발성천식,직업성천식","천식은 알레르기 염증에 의해 기관지가 반복적으로 좁아지는 만성 호흡기 질환입니다. 기관지가 좁아져서 숨이 차고, 기침이 나며, 가슴에서 색색거리는 소리가 들리고, 가슴이 답답해지는 증상이 반복적으로 되풀이됩니다. 우리나라 성인 인구의 5% 정도가 천식을 앓는 것으로 알려져 있습니다. 최근 전 세계적으로 천식 환자 수가 증가하고 있습니다."
150,추간판 탈출증,경추 추간판 탈출증(Cervical HIVD),"신경외과, 정형외과","경추수핵탈출증,목디스크,추간판 헤르니아,추간판장애,추간판탈출증","경추 추간판 탈출증은 디스크(추간판)가 밀려나 주위 신경근을 자극하여 통증을 일으키는 질환으로, 흔히 ‘목 디스크’라고 부릅니다. 척추는 33개의 뼈로 연결되어 있는데, 척추의 뼈와 뼈 사이에서 몸의 충격을 흡수하고 완충하는 것이 추간판, 일명 ‘디스크’입니다. 디스크는 스프링처럼 충격을 완화하고 척추뼈들끼리 부딪히지 않도록 보호합니다. 디스크는 80%가 수분 성분인 젤리처럼 생긴 수핵(가운데 위치)과 이 수핵을 둥글게 둘러싼 섬유륜으로 구성됩니다. 나이가 들면 수핵의 수분 함량이 감소하여 탄력성이 떨어지고, 나쁜 자세나 사고 등 외부적인 자극이 가해져 디스크가 밀려나는데, 이것이 이 질환의 원인이 됩니다."
151,치질 / 치열,치핵(Hemorrhoids),"소화기내과, 대장항문외과",치질,치핵은 항문 및 직장에 존재하는 치핵 조직이 항문 밖으로 빠져나오는 내치핵과 항문 밖의 치핵 조직이 부풀어 올라 덩어리처럼 만져지는 외치핵으로 구분됩니다.
152,카페인에 의한 유방통,유방통(Mastodynia),유방외과,"유방통증,젖가슴통증",유방통은 유방에 느껴지는 통증을 말합니다. 비교적 흔한 증상입니다. 유방통은 대부분 월경 시 호르몬 변화에 의해 발생하는 주기성 통증입니다.
153,칸디다 질염,칸디다성 외음질염(Candidal vulvovaginitis),산부인과,"곰팡이성 질염,칸디다 질염,칸디다성 질염","칸디다성 외음질염은 여성의 75% 정도가 일생에 한 번 이상 경험하며, 여성의 45% 정도는 1년에 2회 이상 경험할 정도로 흔한 질환입니다. 칸디다 알비칸스(Candidia albicans)가 원인균입니다. 위험 인자로는 면역 억제 특히 후천성 면역결핍증, 당뇨병, 호르몬의 변화(임신), 광범위 항생제 치료, 비만 등이 있습니다."
154,코 외상 / 코 안 이물질,업데이트 예정,업데이트 예정,업데이트 예정,업데이트 예정
155,쿠싱증후군,쿠싱 증후군(Cushing's syndrome),"내분비내과, 신경과, 신경외과","쿠싱병, 쿠싱증",쿠싱 증후군은 우리 몸이 필요 이상으로 많은 양의 당류코르티코이드라는 호르몬에 노출될 때 생기는 질환입니다.
156,크론병,크론병(Crohn's disease),"소화기내과, 대장항문외과, 소아소화기영양과","국한성 창자염,염증성 장질환,육아종성 대장염,크론씨병","크론병은 입에서 항문까지 소화기관 전체에 발생할 수 있는 만성 염증성 장질환입니다. 궤양성 대장염과 달리 장의 모든 층에 염증이 침범할 수 있습니다. 주로 대장과 소장이 연결되는 부위인 회맹부에 발병하는 경우가 흔하고, 그 다음으로 대장, 회장 말단부, 소장 등에서 많이 발생합니다."
157,크롬세포친화종,갈색세포종(Pheochromocytoma),내분비내과,크롬친화세포종,갈색세포종은 주로 부신수질에서 발생하는 종양을 말합니다.
158,통풍,통풍(Gout),류마티스내과,통풍,통풍은 요산이라는 물질이 몸밖으로 빠져나가지 못하고 과도하게 축적되어 발생하는 질환입니다
159,판막 질환,심장 판막 질환(Valvular heart disease),"심장내과, 심장병원, 판막질환센터",심장판막증,"심장 판막 질환은 심장 판막의 개폐 작용(열고 닫히는 기능)이 원활하지 않은 상태를 의미합니다. 사람의 심장은 경계가 서로 분명한 4개의 방(chamber)으로 구성되어 있습니다. 방과 방 사이에는 혈액 소통을 위해 적절한 개폐 작용을 해 주는 문짝이 필요합니다. 이 구조물을 판막(valve)이라고 부릅니다. 심장 판막이 기능적으로 잘 열리지 않는 것을 협착증이라 하고, 반대로 잘 열리지만 꽉 닫히지 않아 피가 역류하는 것을 폐쇄부전증이라고 합니다. 인체의 심장에는 방이 4개이므로 판막도 4가지가 있습니다. 임상적으로 문제가 되는 부위는 대부분 승모 판막과 대동맥 판막 두 곳입니다."
160,폐 색전증,폐 혈전색전증(Pulmonary thromboembolism),"심장내과, 심장병원",폐색전증,폐 혈전색전증은 다리에 있는 굵은 정맥에 생긴 핏덩어리(혈전)가 떨어진 후 혈류를 타고 돌아다니다가 가느다란 폐동맥 혈관 가지를 막음으로써 발생하는 증상입니다
161,폐 위축(폐 상처),업데이트 예정,업데이트 예정,업데이트 예정,업데이트 예정
162,폐결핵,폐결핵(Pulmonary tuberculosis),"호흡기내과, 소아천식아토피센터",TB,폐결핵은 결핵균이 폐를 감염시켜 발생하는 질환입니다. 2015년도 결핵 신환자는 인구 10만 명당 63.2명입니다. 우리나라의 결핵 발생률은 점점 감소하는 추세입니다. 그러나 여전히 OECD 국가 중에서는 결핵 발생률이 가장 높습니다.
163,폐경에 의한 고혈압,폐경기 및 여성의 갱년기 상태,"내분비내과, 산부인과",폐경기,폐경기에 접어들면서 혈중 콜레스테롤의 증가로 인하여 고혈압 및 관상동맥 질환이 발생한 것을 의미합니다.
164,폐경증후군,폐경(Menopause),"내분비내과, 산부인과",폐경(Menopause),폐경은 '월경이 중지되는 것'을 의미합니다. 의학적 의미의 폐경은 마지막 월경이 있은 후 1년간 월경이 없는 경우입니다.
165,폐렴,폐렴(Pneumonia),"노년내과, 호흡기내과, 소아천식아토피센터","바이러스성 폐렴,폐염증","폐렴은 세균이나 바이러스에 의해 세기관지 이하 폐조직에 염증이 발생하는 감염성 질환입니다. 일반적으로 발열, 기침, 가래와 같은 증상이 나타납니다. 흉부 X-ray 사진에서 폐렴을 의심할 수 있는 소견이 확인됩니다."
166,폐색전증,폐 혈전색전증(Pulmonary thromboembolism),"심장내과, 심장병원","폐동맥 색전증,폐색전증",폐 혈전색전증은 다리에 있는 굵은 정맥에 생긴 핏덩어리(혈전)가 떨어진 후 혈류를 타고 돌아다니다가 가느다란 폐동맥 혈관 가지를 막음으로써 발생하는 증상입니다. 폐동맥 가지가 핏덩어리로 막히고 막힌 부위에 공기가 들어와도 기체 교환이 잘 이루어지지 않으면 핏속의 산소가 부족해집니다. 그리고 폐 순환 중 오른쪽 심장에서 피를 보낼 때의 저항이 높아져 심장에도 부담이 가해집니다.
167,폐암,폐암(Lung cancer),"종양내과, 호흡기내과, 방사선종양학과, 흉부외과, 암병원","기관지암,폐 악성신생물,폐악성종양,폐암종","폐암이란 폐에 비정상적인 암세포가 무절제하게 증식하여 종괴(덩어리)를 형성하고 인체에 해를 미치는 것을 말합니다. 폐암은 폐에 국한되어 발견되기도 합니다. 하지만 폐암은 진행되면 반대쪽 폐뿐만 아니라 임파선이나 혈액을 통하여 뼈, 간, 부신, 신장, 뇌, 척수 등 온몸으로 전이될 수 있습니다. 미국에서는 연간 99,000명 정도의 남성, 78,000명 정도의 여성이 폐암 진단을 받으며, 진단 후 5년 이내에 86% 정도가 사망합니다. 한국인 사인 분류 통계에 의하면 폐암은 지속적으로 증가하고 있고, 사망률 또한 꾸준히 증가하고 있습니다."
168,폭식증,섭식 장애(Eating disorder),정신건강의학과,"Anorexia Nervosa,거식증,신경성대식증,신경성식욕부진증,신경성폭식증,폭식증","섭식 장애는 정신적인 문제로 인해 음식 섭취에 장애가 생기는 질환을 의미합니다. 대표적인 질환으로 거식증(신경성 식욕부진증)과 폭식증(신경성 대식증)이 있습니다. 두 질환은 서로 긴밀하게 연결되어 있습니다. 거식증의 특징은 체중 감소입니다. 거식증 환자는 살이 찌는 것에 대하여 걱정과 공포를 느끼고 비만이 아님에도 자신이 비만이라고 생각합니다. 환자는 체중을 줄이기 위해 식사를 제한하거나, 먹은 뒤 인위적으로 구토하는 등의 행동을 합니다. 폭식증은 단순히 일시적인 과식이나 식탐을 의미하는 것이 아닙니다. 폭식증은 음식에 대한 자제력을 잃고 비상식적으로 많은 양의 음식을 미친 듯이 먹고, 폭식 후에 의도적으로 구토와 설사를 일으키는 상태를 의미합니다. 거식증과 폭식증의 증상이 복합적으로 발생하는 경우도 있으며, 일부 증상만 나타나는 경우도 있습니다."
169,프로락틴종,뇌하수체 양성 및 악성 신생물(Malignant or benign neoplasm of Pituitary gland),"내분비내과, 방사선종양학과, 신경외과, 소아신경외과","뇌하수체선종,프로락틴종,뇌하수체 종양,뇌하수체 악성 신생물,뇌하수체 양성 신생물","뇌하수체는 상부에 있는 시상하부와 연결되어 우리 몸의 호르몬 분비 및 조절에 관여하는 기관입니다. 말안장과 같이 생긴 터어키안에 위치합니다. 해부학적으로는 선뇌하수체와 신경뇌하수체로 나누어집니다. 또한 뇌하수체 주위에는 시신경, 시교차, 내경동맥, 해면정맥동, 측두엽이 위치하여, 종양이 발생하면 이와 관련된 여러 가지 증상이 나타날 수 있습니다.뇌하수체 종양은 전체 두개강 내 종양의 10~15%를 차지합니다. 대부분 양성 종양이며, 악성 종양은 매우 드뭅니다. 그러나 뇌전이암 또는 말안장 부위의 뼈를 침범하는 악성 종양의 경우 뇌하수체를 침범할 수 있습니다. 뇌하수체 종양으로 인한 기능 항진이 일어날 경우 유즙분비호르몬 과잉증이나 거인증, 말단비대증이 올 수 있고, 기능 저하가 일어날 경우 범뇌하수체 기능 저하증(Panhypopitutarism, Simmond씨 병)이나 왜소증, 소인증, 요붕증, 항이뇨호르몬 부적절 증후군 등이 생길 수 있습니다. 전체 뇌하수체 선종의 약 40%를 차지하는, 가장 흔한 선종은 프로락틴분비선종입니다. 이는 대부분 20~30대의 여성에게 잘 나타나는데, 그 이유는 아직 밝혀지지 않았습니다."
170,허혈성 대장염,허혈성 대장염(ischemic colitis) ,"소화기내과, 외과",대장염,"허혈성 대장염은 혈관의 폐쇄없이 대장의 혈류감소로 인하여 대장조직의 염증과 괴사가 일어나는 질환으로, 노인에게 많이 발생하고 대부분 자연적으로 치유되지만 일부에서는 대장 전체의 괴사로 진행될 수 있습니다."
171,혈관 운동성 비염,혈관 운동성 비염(vasomotor rhinitis)    ,"이비인후과, 호흡기내과       ",업데이트 예정,혈관 운동성 비염은 알레르기 비염이나 비부비동염(축농증)으로 인한 것이 아니면서 심한 코막힘과 콧물을 주 증상으로 호소하는 비염입니다.
172,혈액응고장애,응고 장애(Disorders of coagulation),혈액종양내과,응고장애,"혈소판이나 혈액응고인자가 모자라거나, 그 기능에 이상이 있으면 출혈이 일어나도 피가 잘 멎지 않습니다."
173,협심증,급성 관동맥 증후군(Acute Coronary Syndrome),"심장내과, 흉부외과","ACS,급성 협심증","심장은 관상동맥에 의해 산소와 영양분을 공급받아 활동합니다. 급성 관동맥 증후군(ACS)은 관상동맥의 혈관 내에 급성으로 생긴 크고 작은 혈전으로 인해 순간적으로 혈관이 폐쇄되거나, 혈전에서 분비되는 여러 혈관 수축성 물질이 혈관을 더욱 심하게 수축시킴으로써 관상동맥이 심하게 폐쇄되어 심장에 혈류 공급이 부족해지는 질환을 의미합니다. 급성 관동맥 증후군은 관상동맥이 완전히 폐쇄되어 빠르게 심근 괴사로 진행하는 초응급질환인 ST분절상승 심근경색증(STEMI)과 ST분절상승 심근경색증(STEMI)보다는 여유가 있습니다. 그러나 빠른 입원 치료가 필요한 비ST분절상승 급성 관동맥 증후군(NSTE-ACS)으로 분류됩니다."
174,협착증,경동맥 협착증(Carotid artery stenosis),"혈관외과, 심장외과","경동맥협착,죽상경화성경동맥협착증,목동맥 협착증","경동맥 협착증은 경동맥이 좁아지고 딱딱해지는 질환을 의미합니다. 경동맥은 심장에서 나온 혈액을 뇌로 보내 뇌가 원활하게 기능할 수 있도록 에너지를 공급하는 혈관으로, 뇌로 가는 혈액의 80%를 보내는 중요한 혈관입니다. 우리나라에서 경동맥 협착증이 있는 성인은 5.5%로 보고됩니다. 특히 40대에 심각한 경동맥 협착증으로 수술받는 환자가 급증하며, 60대에 절정에 이릅니다."
175,혼합성 요실금,복합성 요실금(Mixed Incontinence)       ,비뇨의학과,복합성 요실금,"복압성 요실금과 절박성 요실금이 혼합된 형태입니다. 환자가 주관적으로 느끼는 증상의 심한 정도에 따라 복압성 요실금이 우세한 경우, 절박성 요실금이 우세한 경우, 복압성 요실금과 절박성 요실금이 비슷한 경우로 나눌 수 있습니다."
176,횡문근융해증,횡문근융해증(Rhabdomyolysis),신장내과,횡문근융해,"횡문근융해증이란 외상, 운동, 수술 등의 이유로 근육에 에너지 공급이 충분하지 않아 괴사가 일어나고, 이로 인해 생긴 독성 물질이 순환계로 유입되는 질환입니다. 이 독성 물질은 신장의 필터 기능을 저하시켜 급성 세뇨관 괴사나 신부전증을 일으킵니다."
177,후비루,후비루(Postnasal drip),"호흡기내과, 이비인후과, 알레르기내과",후비루증후군,"후비루는 코 주위의 공기주머니인 부비강에서 분비하는 분비물의 양이 증가하거나, 분비물이 끈끈해지거나, 목 근육 혹은 삼키는 운동의 이상으로 인해 분비물이 목에 고이거나, 코 뒤에서 분비물이 목으로 넘어가는 질환을 의미합니다. 정상적으로 코와 코 주위의 공기주머니인 부비강에서는 하루에 300~600mm의 분비물이 나옵니다. 이 분비물은 점막을 부드럽게 만들고 이물질을 제거하며 코로 들어온 공기에 습기를 제공하고 코의 감염을 막아주는 역할을 합니다. 이러한 점액의 분비와 제거는 신경, 혈관, 분비샘, 근육, 호르몬과 섬모(솜털)에 의해 조절됩니다."
178,길버트증후군,길버트 증후군(Gilbert's Syndrome),소화기내과,"질베르 증후군, 고빌리루빈혈증 1형, 고빌리루빈혈증",길버트 증후군은 용혈이나 구조적 또는 기능적인 간질환이 없는 상태에서 만성적인 비결합형 빌리루빈의 증가를 특징으로 하는 질환입니다.
179,담관염,담관염(Cholangitis),소화기내과,담도염,"담관염은 담관계통에 발생하는 급성 또는 만성의 염증질환으로 일반적으로 말하는 담관염은 급성 담관염을 의미하며 심한 경우에는 혈압저하, 의식저하를 동반한 패혈증과 같은 전신의 염증으로 빠르게 진행되어 사망할 수 있으므로 신속한 진단과 치료가 필요한 응급질환입니다."
180,담도암 / 췌장 두부암,담관암(Cholangiocarcinoma) / 췌장암(Pancreatic cancer),"소화기내과, 종양내과, 방사선종양학과, 간담도췌외과, 간이식ㆍ간담도외과, 암병원",담도암 / 이자암,"담관암은 담관에서 발생하는 암입니다. 담관은 간에서 만들어지는 담즙을 십이지장으로 보내는 관입니다.
췌장은 해부학적으로 두부(머리 부분), 체부(몸통 부분), 미부(꼬리 부분)로 나누어집니다. 두부는 담관(담즙의 배출 통로)과 연결되어 있어 두부에 췌장암이 발생하면 담관이 막히면서 황달이 나타날 수 있습니다."
181,용혈병,자가면역용혈질환(Autoimmune hemolytic disease),혈액내과,"자가면역성 용혈성 병,자가면역성 용혈성 질환",자가면역용혈질환은 적혈구 내부의 특수 항원에 대한 항체가 형성되어 적혈구가 일찍 파괴되어 나타나는 후천성 용혈빈혈입니다.
182,윌슨병,윌슨병(Willson disease),"소화기내과, 신경과, 의학유전학센터, 간이식ㆍ간담도외과, 소아내분비대사과, 소아소화기영양과, 의학유전학과","Hepatolenticular degeneration,간렌즈핵변성,윌슨씨병",윌슨병(Wilson's disease 또는 Hepatolenticular degeneration)은 구리 대사의 이상으로 인해 주로 간과 뇌의 기저핵에 과다한 양의 구리가 축적되는 유전 질환입니다.
183,호르몬약물 사용으로 인한 증상,업데이트 예정 (DB_5.17 추가 질병),업데이트 예정 (DB_5.17 추가 질병),업데이트 예정 (DB_5.17 추가 질병),업데이트 예정 (DB_5.17 추가 질병)
184,갑상샘저하증,갑상선기능저하증,내분비내과,"갑상샘기능저하,갑상샘저하증,갑상선기능저하,갑상선저하증",갑상선기능저하증은 우리 몸에 필요한 갑상선호르몬이 부족하여 나타나는 질환을 의미합니다.
185,과민성 방광,과민성 방광(Overactive Bladder),비뇨의학과,업데이트 예정,"과민성 방광(overactive bladder, OAB)이란 요로 감염 등 다른 명확한 원인이 없는 상태에서 요절박(절박뇨, 강하고 갑작스럽게 소변을 보고 싶은 느낌)이 나타나며 주간 빈뇨와 야간뇨를 흔하게 동반하는 질환을 의미합니다."
186,급성 신우신염,급성 신우신염(Acute pyelonephritis),"감염내과, 신장내과, 소아신장과","신우신염,신우염",급성 신우신염은 신장이나 신우 등 상부 요로계가 감염된 것을 의미합니다.
187,뇌전증,뇌전증(Epilepsy),"신경과, 신경외과","epilepticseizure,epilepticsyndrome,간질발작,간질병,간질증후군,간질","뇌전증(간질)은 뇌 신경세포가 일시적으로 이상을 일으켜 과도한 흥분 상태를 유발함으로써 나타나는 의식 소실, 발작, 행동 변화 등과 같은 뇌 기능의 일시적 마비 증상이 만성적, 반복적으로 발생하는 뇌 질환을 의미합니다."
188,메켈 게실,메켈 게실(Meckel's diverticulum),소화기내과,업데이트 예정,메켈 게실이란 태생 초기 태아의 혈액 보급로인 제장관막관이 출생 전에 퇴화되지 않아 회장 벽에서 60~100cm 정도로 돌출된 비정상적인 낭을 형성하는 질환입니다. 소화기 선천 기형 중 가장 흔한 질병 중 하나입니다.
189,면역글로불린 A 신병증,면역글로불린 A 신병증(IgA nephropathy),"신장내과, 소아신장과","면역글로불린 A 신병증,면역글로빈 A 신병증,버거병,버거스씨병,Bergers disease,IgA 신병증,IgA 신증",면역글로불린 A 신병증은 신장 조직 검사를 했을 때 사구체에 면역글로불린(Immunoglobulin) A (IgA)를 주로 하는 면역 복합체의 침착이 특징적으로 나타나는 질환입니다.
190,미주신경성 실신,심장신경성 실신(Neurocardiogenic syncope),심장내과,"미주신경성 실신,혈관미주신경성 실신",실신은 갑자기 일시적으로 의식을 잃고 쓰러지는 것을 의미합니다.
191,방광경부폐색,업데이트 예정 (전처리 중 drop 질병),업데이트 예정 (전처리 중 drop 질병),업데이트 예정 (전처리 중 drop 질병),업데이트 예정 (전처리 중 drop 질병)
192,방광암,방광암(Bladder cancer),"종양내과, 방사선종양학과, 비뇨의학과","Malignant neoplasm of bladder,방광 내 신생물,방광선암",방광암은 소변을 저장하는 장기인 방광에 악성 세포가 생긴 질환을 의미합니다.
193,방광염,급성 방광염(Acute cystitis),비뇨의학과,"방광 감염,방광 염증,방광염,오줌소태,하부요로감염",급성 방광염은 신장에서 만들어진 소변이 보관되는 장기인 방광에 감염이 발생한 질환입니다.
194,백의 고혈압,업데이트 예정 (전처리 중 drop 질병),업데이트 예정 (전처리 중 drop 질병),업데이트 예정 (전처리 중 drop 질병),업데이트 예정 (전처리 중 drop 질병)
195,복압성 요실금,복압성 요실금(Stress urinary incontinence),비뇨의학과,"긴장성 요실금,스트레스성 요실금",복압성 요실금(스트레스성 요실금)은 요실금의 한 가지 형태로서 긴장성 요실금이라고도 합니다.
196,본태성 고혈압,업데이트 예정 (전처리 중 drop 질병),업데이트 예정 (전처리 중 drop 질병),업데이트 예정 (전처리 중 drop 질병),업데이트 예정 (전처리 중 drop 질병)
197,부정맥,부정맥(Cardiac arrhythmias),"심장내과, 흉부외과",심장부정맥,부정맥은 흔히 맥박이 불규칙하다는 것으로 알려져 있습니다. 그러나 전문적으로 부정맥이란 불규칙한 맥뿐 아니라 빠른 빈맥과 느린 서맥을 총칭하는 용어입니다.
198,소아성 용종,업데이트 예정 (전처리 중 drop 질병),업데이트 예정 (전처리 중 drop 질병),업데이트 예정 (전처리 중 drop 질병),업데이트 예정 (전처리 중 drop 질병)
199,신경인성 방광,신경인성 방광(Neurogenic Bladder),비뇨의학과,신경인성 방광,"신경인성 방광은 대뇌부터 척수, 말초 신경에 이르는 신경계의 이상에서 비롯된 방광 기능과 배뇨 이상을 총칭합니다."
200,신동맥 협착,신동맥 협착증(Renal artery stenosis),신장내과,신동맥 협착,신동맥 협착증은 대동맥에서 양쪽 신장으로 들어가는 동맥인 신동맥이 어떠한 원인에 의해 좁아지는 것을 의미합니다.
201,신장암,신세포암종(Renal cell carcinoma),"종양내과, 방사선종양학과, 비뇨의학과","renal cancer,신세포암,신장암","신세포암종은 신장에서 생기는 악성 종양 중 하나입니다. 신세포암은 신장에서 발생하는 암의 85%를 차지하기 때문에, 신장암이라 하면 대부분 신세포암을 지칭합니다."
202,심장막염,업데이트 예정 (전처리 중 drop 질병),업데이트 예정 (전처리 중 drop 질병),업데이트 예정 (전처리 중 drop 질병),업데이트 예정 (전처리 중 drop 질병)
203,악성 고혈암,업데이트 예정 (전처리 중 drop 질병),업데이트 예정 (전처리 중 drop 질병),업데이트 예정 (전처리 중 drop 질병),업데이트 예정 (전처리 중 drop 질병)
204,약물 / 알콜에 의한 증상,업데이트 예정 (전처리 중 drop 질병),업데이트 예정 (전처리 중 drop 질병),업데이트 예정 (전처리 중 drop 질병),업데이트 예정 (전처리 중 drop 질병)
205,약물 유발 고콜레스테롤혈증,고콜레스테롤혈증(Pure hypercholesterolemia),"가정의학과, 내분비내과, 심장내과, 노년내과","고콜레스테롤혈,과콜레스테롤,과콜레스테롤혈증,콜레스테롤과다","당뇨병, 갑상선 기능 저하증, 신증후군, 경구 피임약, 부신피질 스테로이드제 등이 고콜레스테롤혈증을 유발할 수 있습니다."
206,양성전립선비대증,양성 전립선 비대증(Benign prostatic hyperplasia),"가정의학과, 비뇨의학과","전립샘의 증식,전립선비대,전립선비대증",양성 전립선 비대증은 전립선의 크기가 증가하는 질환입니다.
207,요도 손상,업데이트 예정 (전처리 중 drop 질병),업데이트 예정 (전처리 중 drop 질병),업데이트 예정 (전처리 중 drop 질병),업데이트 예정 (전처리 중 drop 질병)
208,요도염,요도염(Urethritis),비뇨의학과,요도염,"요도염은 성교에 의해 전파되며, 요도 분비물, 배뇨 시 통증, 요도의 소양감(간지러움) 등의 증상을 나타내는 요도의 염증성 질환입니다."
209,요로 감염,요로 감염(Urinary tract infection),"신장내과, 노년내과, 비뇨의학과, 소아신장과, 소아비뇨의학과",요로염,"요로 감염은 신장, 요관, 방광, 요도, 전립선 등 요로계에 미생물이 침입하여 염증성 반응을 유발하는 것을 의미합니다."
210,요폐색 해소 후 요붕증,업데이트 예정 (전처리 중 drop 질병),업데이트 예정 (전처리 중 drop 질병),업데이트 예정 (전처리 중 drop 질병),업데이트 예정 (전처리 중 drop 질병)
211,이식거부증,이식편대숙주질환(Graft-versus-host reaction or disease(GVHD)),혈액내과,"골수이식 거부반응,이식 후 거부반응","이식편대숙주질환은 동종 조혈모세포 이식, 수혈을 받은 경우, 환자에게 이식된 T림프구가 환자의 세포를 비자기(non-self)로 인식하여 표적 기관을 공격하여 나타나는 질환을 의미합니다."
212,용혈성 요독증후군,용혈성 요독 증후군(Hemolytic Uremic Syndrome),"감염내과, 소화기내과, 신장내과, 소아신장과, 소아감염과","햄버거병, HUS",용혈성 요독 증후군은 4세 이하 영유아나 고령의 환자에게 급성 신부전을 일으키는 질환입니다.
213,일류성 요실금,일출성 요실금(overflow incontinence),비뇨의학과,범람 요실금,"요도가 잘 열리지 않아, 소변이 방광에 가득 차게 되다 못해서 조금씩 새는 경우를 말합니다."
214,일시적 요실금,업데이트 예정 (전처리 중 drop 질병),업데이트 예정 (전처리 중 drop 질병),업데이트 예정 (전처리 중 drop 질병),업데이트 예정 (전처리 중 drop 질병)
215,임신성 고혈압,임신성 고혈압(Pregnancy-induced hypertension),산부인과,임신성 고혈압,"임신성 고혈압은 임신 기간 중의 혈압이 140/90mmHg 이상이고, 단백뇨를 동반하지 않으며, 분만 후 12주 이내에 정상 혈압이 되는 상태를 말합니다."
216,저혈량증,업데이트 예정 (전처리 중 drop 질병),업데이트 예정 (전처리 중 drop 질병),업데이트 예정 (전처리 중 drop 질병),저 혈량 증은 혈액 손실이나 체액 손실로 인해 체내 혈액량이 감소하는 것입니다.
217,전립선염 / 전립선암,업데이트 예정 (전처리 중 drop 질병),업데이트 예정 (전처리 중 drop 질병),업데이트 예정 (전처리 중 drop 질병),업데이트 예정 (전처리 중 drop 질병)
218,전염성 단핵구증,업데이트 예정 (전처리 중 drop 질병),업데이트 예정 (전처리 중 drop 질병),업데이트 예정 (전처리 중 drop 질병),업데이트 예정 (전처리 중 drop 질병)
219,절박성 요실금,절박성 요실금(Urge incontinence),비뇨의학과,절박성 요실금,갑자기 소변이 마려운 느낌이 들어서 화장실에 가는 도중이나 미처 속옷을 내리기도 전에 소변을 참지 못하고 소변이 흘러나오는 경우를 말합니다.
220,중추 신경계 이상,업데이트 예정 (전처리 중 drop 질병),업데이트 예정 (전처리 중 drop 질병),업데이트 예정 (전처리 중 drop 질병),업데이트 예정 (전처리 중 drop 질병)
221,지주막하 출혈,뇌동맥류(Cerebral aneurysm),"영상의학과, 신경외과, 신경중재클리닉","뇌동맥꽈리,뇌지주막하 출혈,두개강 내 동맥류",뇌동맥류는 뇌동맥 일부가 약해져서 그 부분이 풍선이나 꽈리처럼 부풀어 오르는 질환을 의미합니다.
222,커피 / 약물에 의한 요붕증,요붕증(Diabetes insipidus),"내분비내과, 소아내분비대사과",항이뇨호르몬 결핍증,항이뇨호르몬 분비가 부족하거나 신장에서 제 기능을 하지 못하는 상태를 요붕증이라고 합니다.
223,터너증후군,터너 증후군 (Turner syndrome),"의학유전학센터, 소아내분비대사과, 의학유전학과",터너증후군,"터너 증후군은 여성의 키가 작고, 목이 짧고 두꺼우며, 성적 발달이 지연되는 유전 질환입니다."
224,하지신경 손상,업데이트 예정 (전처리 중 drop 질병),업데이트 예정 (전처리 중 drop 질병),업데이트 예정 (전처리 중 drop 질병),업데이트 예정 (전처리 중 drop 질병)
225,호두까기 증후군,업데이트 예정 (전처리 중 drop 질병),업데이트 예정 (전처리 중 drop 질병),업데이트 예정 (전처리 중 drop 질병),업데이트 예정 (전처리 중 drop 질병)
